"Protocol","Cohort","Arm","Patients","Enroll_Start","Enroll_End","Country","Center"
"ONR-2024-001","C1","TITR",7,2024-03-15,2024-12-02,"USA","ONR-2024-001-001"
"ONR-2024-001","C1","TITR",7,2024-03-15,2024-12-02,"USA","ONR-2024-001-002"
"ONR-2024-001","C1","TITR",8,2024-03-15,2024-12-02,"USA","ONR-2024-001-003"
"ONR-2024-001","C1","TITR",7,2024-03-15,2024-12-02,"USA","ONR-2024-001-004"
"ONR-2024-001","C1","TITR",7,2024-03-15,2024-12-02,"USA","ONR-2024-001-005"
"ONR-2024-001","C1","TITR",7,2024-03-15,2024-12-02,"USA","ONR-2024-001-006"
"ONR-2024-001","C1","TITR",7,2024-03-15,2024-12-02,"USA","ONR-2024-001-007"
"ONR-2024-001","C1","TITR",8,2024-03-15,2024-12-02,"USA","ONR-2024-001-008"
"ONR-2024-001","C1","TITR",7,2024-03-15,2024-12-02,"USA","ONR-2024-001-009"
"ONR-2024-001","C1","TITR",7,2024-03-15,2024-12-02,"USA","ONR-2024-001-010"
"ONR-2024-001","C1","TITR",7,2024-03-15,2024-12-02,"USA","ONR-2024-001-011"
"ONR-2024-001","C1","TITR",7,2024-03-15,2024-12-02,"USA","ONR-2024-001-012"
"ONR-2024-001","C1","TITR",8,2024-03-15,2024-12-02,"USA","ONR-2024-001-013"
"ONR-2024-001","C1","TITR",7,2024-03-15,2024-12-02,"USA","ONR-2024-001-014"
"ONR-2024-001","C1","TITR",7,2024-03-15,2024-12-02,"USA","ONR-2024-001-015"
"ONR-2024-001","C1","TITR",7,2024-03-15,2024-12-02,"USA","ONR-2024-001-016"
"ONR-2024-001","C1","TITR",7,2024-03-15,2024-12-02,"USA","ONR-2024-001-017"
"ONR-2024-001","C1","TITR",8,2024-03-15,2024-12-02,"USA","ONR-2024-001-018"
"ONR-2024-001","C1","TITR",7,2024-03-15,2024-12-02,"USA","ONR-2024-001-019"
"ONR-2024-001","C1","TITR",7,2024-03-15,2024-12-02,"USA","ONR-2024-001-020"
"ONR-2024-001","C1","TITR",7,2024-03-15,2024-12-02,"USA","ONR-2024-001-021"
"ONR-2024-001","C1","TITR",7,2024-03-15,2024-12-02,"USA","ONR-2024-001-022"
"ONR-2024-001","C1","TITR",8,2024-03-15,2024-12-02,"USA","ONR-2024-001-023"
"ONR-2024-001","C1","TITR",7,2024-03-15,2024-12-02,"USA","ONR-2024-001-024"
"ONR-2024-001","C1","TITR",7,2024-03-15,2024-12-02,"USA","ONR-2024-001-025"
"CVD-2024-002","C1","FIXED",9,2024-06-01,2025-02-16,"USA","CVD-2024-002-001"
"CVD-2024-002","C1","FIXED",9,2024-06-01,2025-02-16,"USA","CVD-2024-002-002"
"CVD-2024-002","C1","FIXED",8,2024-06-01,2025-02-16,"USA","CVD-2024-002-003"
"CVD-2024-002","C1","FIXED",9,2024-06-01,2025-02-16,"USA","CVD-2024-002-004"
"CVD-2024-002","C1","FIXED",9,2024-06-01,2025-02-16,"USA","CVD-2024-002-005"
"CVD-2024-002","C1","FIXED",8,2024-06-01,2025-02-16,"USA","CVD-2024-002-006"
"CVD-2024-002","C1","FIXED",9,2024-06-01,2025-02-16,"USA","CVD-2024-002-007"
"CVD-2024-002","C1","FIXED",9,2024-06-01,2025-02-16,"USA","CVD-2024-002-008"
"CVD-2024-002","C1","FIXED",9,2024-06-01,2025-02-16,"USA","CVD-2024-002-009"
"CVD-2024-002","C1","FIXED",9,2024-06-01,2025-02-16,"USA","CVD-2024-002-010"
"CVD-2024-002","C1","FIXED",8,2024-06-01,2025-02-16,"USA","CVD-2024-002-011"
"CVD-2024-002","C1","FIXED",9,2024-06-01,2025-02-16,"USA","CVD-2024-002-012"
"CVD-2024-002","C1","FIXED",9,2024-06-01,2025-02-16,"USA","CVD-2024-002-013"
"CVD-2024-002","C1","FIXED",8,2024-06-01,2025-02-16,"USA","CVD-2024-002-014"
"CVD-2024-002","C1","FIXED",9,2024-06-01,2025-02-16,"USA","CVD-2024-002-015"
"CVD-2024-002","C1","FIXED",9,2024-06-01,2025-02-16,"USA","CVD-2024-002-016"
"CVD-2024-002","C1","FIXED",9,2024-06-01,2025-02-16,"USA","CVD-2024-002-017"
"CVD-2024-002","C1","FIXED",9,2024-06-01,2025-02-16,"USA","CVD-2024-002-018"
"CVD-2024-002","C1","FIXED",8,2024-06-01,2025-02-16,"USA","CVD-2024-002-019"
"CVD-2024-002","C1","FIXED",9,2024-06-01,2025-02-16,"USA","CVD-2024-002-020"
"CVD-2024-002","C1","FIXED",9,2024-06-01,2025-02-16,"USA","CVD-2024-002-021"
"CVD-2024-002","C1","FIXED",8,2024-06-01,2025-02-16,"USA","CVD-2024-002-022"
"CVD-2024-002","C1","FIXED",9,2024-06-01,2025-02-16,"USA","CVD-2024-002-023"
"CVD-2024-002","C1","FIXED",9,2024-06-01,2025-02-16,"USA","CVD-2024-002-024"
"CVD-2024-002","C1","FIXED",9,2024-06-01,2025-02-16,"USA","CVD-2024-002-025"
"CVD-2024-002","C1","FIXED",9,2024-06-01,2025-02-16,"USA","CVD-2024-002-026"
"CVD-2024-002","C1","FIXED",8,2024-06-01,2025-02-16,"USA","CVD-2024-002-027"
"CVD-2024-002","C1","FIXED",9,2024-06-01,2025-02-16,"USA","CVD-2024-002-028"
"CVD-2024-002","C1","FIXED",9,2024-06-01,2025-02-16,"USA","CVD-2024-002-029"
"CVD-2024-002","C1","FIXED",8,2024-06-01,2025-02-16,"USA","CVD-2024-002-030"
"CVD-2024-002","C1","FIXED",9,2024-06-01,2025-02-16,"USA","CVD-2024-002-031"
"CVD-2024-002","C1","FIXED",9,2024-06-01,2025-02-16,"USA","CVD-2024-002-032"
"CVD-2024-002","C1","FIXED",9,2024-06-01,2025-02-16,"USA","CVD-2024-002-033"
"CVD-2024-002","C1","FIXED",9,2024-06-01,2025-02-16,"USA","CVD-2024-002-034"
"CVD-2024-002","C1","FIXED",8,2024-06-01,2025-02-16,"USA","CVD-2024-002-035"
"CVD-2024-002","C1","FIXED",9,2024-06-01,2025-02-16,"USA","CVD-2024-002-036"
"CVD-2024-002","C1","FIXED",9,2024-06-01,2025-02-16,"USA","CVD-2024-002-037"
"CVD-2024-002","C1","FIXED",8,2024-06-01,2025-02-16,"USA","CVD-2024-002-038"
"CVD-2024-002","C1","FIXED",9,2024-06-01,2025-02-16,"USA","CVD-2024-002-039"
"CVD-2024-002","C1","FIXED",9,2024-06-01,2025-02-16,"USA","CVD-2024-002-040"
"NEU-2024-003","C1","TITR",5,2024-01-20,2024-05-25,"USA","NEU-2024-003-001"
"NEU-2024-003","C1","TITR",5,2024-01-20,2024-05-25,"USA","NEU-2024-003-002"
"NEU-2024-003","C1","TITR",5,2024-01-20,2024-05-25,"USA","NEU-2024-003-003"
"NEU-2024-003","C1","TITR",5,2024-01-20,2024-05-25,"USA","NEU-2024-003-004"
"NEU-2024-003","C1","TITR",5,2024-01-20,2024-05-25,"USA","NEU-2024-003-005"
"NEU-2024-003","C1","TITR",5,2024-01-20,2024-05-25,"USA","NEU-2024-003-006"
"NEU-2024-003","C1","TITR",5,2024-01-20,2024-05-25,"USA","NEU-2024-003-007"
"NEU-2024-003","C1","TITR",5,2024-01-20,2024-05-25,"USA","NEU-2024-003-008"
"NEU-2024-003","C1","TITR",5,2024-01-20,2024-05-25,"USA","NEU-2024-003-009"
"NEU-2024-003","C1","TITR",5,2024-01-20,2024-05-25,"USA","NEU-2024-003-010"
"NEU-2024-003","C1","TITR",5,2024-01-20,2024-05-25,"USA","NEU-2024-003-011"
"NEU-2024-003","C1","TITR",5,2024-01-20,2024-05-25,"USA","NEU-2024-003-012"
"ONC-001","C1","TITR",8,2023-01-15,2024-01-08,"USA","ONC-001-001"
"ONC-001","C1","TITR",8,2023-01-15,2024-01-08,"USA","ONC-001-002"
"ONC-001","C1","TITR",8,2023-01-15,2024-01-08,"USA","ONC-001-001"
"ONC-001","C1","TITR",8,2023-01-15,2024-01-08,"USA","ONC-001-002"
"ONC-001","C1","TITR",8,2023-01-15,2024-01-08,"USA","ONC-001-003"
"ONC-001","C1","TITR",8,2023-01-15,2024-01-08,"USA","ONC-001-004"
"ONC-001","C1","TITR",8,2023-01-15,2024-01-08,"USA","ONC-001-005"
"ONC-001","C1","TITR",8,2023-01-15,2024-01-08,"USA","ONC-001-006"
"ONC-001","C1","TITR",8,2023-01-15,2024-01-08,"USA","ONC-001-007"
"ONC-001","C1","TITR",8,2023-01-15,2024-01-08,"USA","ONC-001-008"
"ONC-001","C1","TITR",8,2023-01-15,2024-01-08,"USA","ONC-001-009"
"ONC-001","C1","TITR",8,2023-01-15,2024-01-08,"USA","ONC-001-010"
"ONC-001","C1","TITR",8,2023-01-15,2024-01-08,"USA","ONC-001-011"
"ONC-001","C1","TITR",8,2023-01-15,2024-01-08,"USA","ONC-001-012"
"ONC-001","C1","TITR",8,2023-01-15,2024-01-08,"USA","ONC-001-013"
"ONC-001","C1","TITR",8,2023-01-15,2024-01-08,"USA","ONC-001-014"
"ONC-001","C1","TITR",8,2023-01-15,2024-01-08,"USA","ONC-001-015"
"ONC-001","C1","TITR",8,2023-01-15,2024-01-08,"USA","ONC-001-016"
"ONC-001","C1","TITR",8,2023-01-15,2024-01-08,"USA","ONC-001-017"
"ONC-001","C1","TITR",8,2023-01-15,2024-01-08,"USA","ONC-001-018"
"ONC-001","C1","TITR",8,2023-01-15,2024-01-08,"USA","ONC-001-019"
"ONC-001","C1","TITR",8,2023-01-15,2024-01-08,"USA","ONC-001-020"
"ONC-001","C1","TITR",8,2023-01-15,2024-01-08,"USA","ONC-001-021"
"ONC-001","C1","TITR",8,2023-01-15,2024-01-08,"USA","ONC-001-022"
"ONC-001","C1","TITR",8,2023-01-15,2024-01-08,"USA","ONC-001-023"
"VAC-001","C1","FIXED",200,2022-05-20,2023-06-06,"USA","VAC-001-001"
"VAC-001","C1","FIXED",200,2022-05-20,2023-06-06,"USA","VAC-001-002"
"VAC-001","C1","FIXED",200,2022-05-20,2023-06-06,"USA","VAC-001-003"
"VAC-001","C1","FIXED",200,2022-05-20,2023-06-06,"USA","VAC-001-004"
"VAC-001","C1","FIXED",200,2022-05-20,2023-06-06,"USA","VAC-001-005"
"VAC-001","C1","FIXED",200,2022-05-20,2023-06-06,"USA","VAC-001-006"
"VAC-001","C1","FIXED",200,2022-05-20,2023-06-06,"USA","VAC-001-007"
"VAC-001","C1","FIXED",200,2022-05-20,2023-06-06,"USA","VAC-001-008"
"VAC-001","C1","FIXED",200,2022-05-20,2023-06-06,"USA","VAC-001-009"
"VAC-001","C1","FIXED",200,2022-05-20,2023-06-06,"USA","VAC-001-010"
"VAC-001","C1","FIXED",200,2022-05-20,2023-06-06,"USA","VAC-001-011"
"VAC-001","C1","FIXED",200,2022-05-20,2023-06-06,"USA","VAC-001-012"
"VAC-001","C1","FIXED",200,2022-05-20,2023-06-06,"USA","VAC-001-013"
"VAC-001","C1","FIXED",200,2022-05-20,2023-06-06,"USA","VAC-001-014"
"VAC-001","C1","FIXED",200,2022-05-20,2023-06-06,"USA","VAC-001-015"
"VAC-001","C1","FIXED",200,2022-05-20,2023-06-06,"USA","VAC-001-016"
"VAC-001","C1","FIXED",200,2022-05-20,2023-06-06,"USA","VAC-001-017"
"VAC-001","C1","FIXED",200,2022-05-20,2023-06-06,"USA","VAC-001-018"
"VAC-001","C1","FIXED",200,2022-05-20,2023-06-06,"USA","VAC-001-019"
"VAC-001","C1","FIXED",200,2022-05-20,2023-06-06,"USA","VAC-001-020"
"VAC-001","C1","FIXED",200,2022-05-20,2023-06-06,"USA","VAC-001-021"
"VAC-001","C1","FIXED",200,2022-05-20,2023-06-06,"USA","VAC-001-022"
"VAC-001","C1","FIXED",200,2022-05-20,2023-06-06,"USA","VAC-001-023"
"VAC-001","C1","FIXED",200,2022-05-20,2023-06-06,"USA","VAC-001-024"
"VAC-001","C1","FIXED",200,2022-05-20,2023-06-06,"USA","VAC-001-025"
"VAC-001","C1","FIXED",200,2022-05-20,2023-06-06,"USA","VAC-001-026"
"VAC-001","C1","FIXED",200,2022-05-20,2023-06-06,"USA","VAC-001-027"
"VAC-001","C1","FIXED",200,2022-05-20,2023-06-06,"USA","VAC-001-028"
"VAC-001","C1","FIXED",200,2022-05-20,2023-06-06,"USA","VAC-001-029"
"VAC-001","C1","FIXED",200,2022-05-20,2023-06-06,"USA","VAC-001-030"
"VAC-001","C1","FIXED",200,2022-05-20,2023-06-06,"USA","VAC-001-031"
"VAC-001","C1","FIXED",200,2022-05-20,2023-06-06,"USA","VAC-001-032"
"VAC-001","C1","FIXED",200,2022-05-20,2023-06-06,"USA","VAC-001-033"
"VAC-001","C1","FIXED",200,2022-05-20,2023-06-06,"USA","VAC-001-034"
"VAC-001","C1","FIXED",200,2022-05-20,2023-06-06,"USA","VAC-001-035"
"VAC-001","C1","FIXED",200,2022-05-20,2023-06-06,"USA","VAC-001-036"
"VAC-001","C1","FIXED",200,2022-05-20,2023-06-06,"USA","VAC-001-037"
"VAC-001","C1","FIXED",200,2022-05-20,2023-06-06,"USA","VAC-001-038"
"VAC-001","C1","FIXED",200,2022-05-20,2023-06-06,"USA","VAC-001-039"
"VAC-001","C1","FIXED",200,2022-05-20,2023-06-06,"USA","VAC-001-040"
"VAC-001","C1","FIXED",200,2022-05-20,2023-06-06,"USA","VAC-001-041"
"VAC-001","C1","FIXED",200,2022-05-20,2023-06-06,"USA","VAC-001-042"
"VAC-001","C1","FIXED",200,2022-05-20,2023-06-06,"USA","VAC-001-043"
"VAC-001","C1","FIXED",200,2022-05-20,2023-06-06,"USA","VAC-001-044"
"VAC-001","C1","FIXED",200,2022-05-20,2023-06-06,"USA","VAC-001-045"
"VAC-001","C1","FIXED",200,2022-05-20,2023-06-06,"USA","VAC-001-046"
"VAC-001","C1","FIXED",200,2022-05-20,2023-06-06,"USA","VAC-001-047"
"VAC-001","C1","FIXED",200,2022-05-20,2023-06-06,"USA","VAC-001-048"
"VAC-001","C1","FIXED",200,2022-05-20,2023-06-06,"USA","VAC-001-049"
"VAC-001","C1","FIXED",200,2022-05-20,2023-06-06,"USA","VAC-001-050"
"VAC-001","C1","FIXED",200,2022-05-20,2023-06-06,"USA","VAC-001-051"
"VAC-001","C1","FIXED",200,2022-05-20,2023-06-06,"USA","VAC-001-052"
"VAC-001","C1","FIXED",200,2022-05-20,2023-06-06,"USA","VAC-001-053"
"VAC-001","C1","FIXED",200,2022-05-20,2023-06-06,"USA","VAC-001-054"
"VAC-001","C1","FIXED",200,2022-05-20,2023-06-06,"USA","VAC-001-055"
"VAC-001","C1","FIXED",200,2022-05-20,2023-06-06,"USA","VAC-001-056"
"VAC-001","C1","FIXED",200,2022-05-20,2023-06-06,"USA","VAC-001-057"
"VAC-001","C1","FIXED",200,2022-05-20,2023-06-06,"USA","VAC-001-058"
"VAC-001","C1","FIXED",200,2022-05-20,2023-06-06,"USA","VAC-001-059"
"VAC-001","C1","FIXED",200,2022-05-20,2023-06-06,"USA","VAC-001-060"
"VAC-001","C1","FIXED",200,2022-05-20,2023-06-06,"USA","VAC-001-061"
"VAC-001","C1","FIXED",200,2022-05-20,2023-06-06,"USA","VAC-001-062"
"VAC-001","C1","FIXED",200,2022-05-20,2023-06-06,"USA","VAC-001-063"
"VAC-001","C1","FIXED",200,2022-05-20,2023-06-06,"USA","VAC-001-064"
"VAC-001","C1","FIXED",200,2022-05-20,2023-06-06,"USA","VAC-001-065"
"VAC-001","C1","FIXED",200,2022-05-20,2023-06-06,"USA","VAC-001-066"
"VAC-001","C1","FIXED",200,2022-05-20,2023-06-06,"USA","VAC-001-067"
"VAC-001","C1","FIXED",200,2022-05-20,2023-06-06,"USA","VAC-001-068"
"VAC-001","C1","FIXED",200,2022-05-20,2023-06-06,"USA","VAC-001-069"
"VAC-001","C1","FIXED",200,2022-05-20,2023-06-06,"USA","VAC-001-070"
"VAC-001","C1","FIXED",200,2022-05-20,2023-06-06,"USA","VAC-001-071"
"VAC-001","C1","FIXED",200,2022-05-20,2023-06-06,"USA","VAC-001-072"
"VAC-001","C1","FIXED",200,2022-05-20,2023-06-06,"USA","VAC-001-073"
"VAC-001","C1","FIXED",200,2022-05-20,2023-06-06,"USA","VAC-001-074"
"VAC-001","C1","FIXED",200,2022-05-20,2023-06-06,"USA","VAC-001-075"
"VAC-001","C1","FIXED",200,2022-05-20,2023-06-06,"USA","VAC-001-076"
"VAC-001","C1","FIXED",200,2022-05-20,2023-06-06,"USA","VAC-001-077"
"VAC-001","C1","FIXED",200,2022-05-20,2023-06-06,"USA","VAC-001-078"
"VAC-001","C1","FIXED",200,2022-05-20,2023-06-06,"USA","VAC-001-079"
"VAC-001","C1","FIXED",200,2022-05-20,2023-06-06,"USA","VAC-001-080"
"VAC-001","C1","FIXED",200,2022-05-20,2023-06-06,"USA","VAC-001-081"
"VAC-001","C1","FIXED",200,2022-05-20,2023-06-06,"USA","VAC-001-082"
"VAC-001","C1","FIXED",200,2022-05-20,2023-06-06,"USA","VAC-001-083"
"VAC-001","C1","FIXED",200,2022-05-20,2023-06-06,"USA","VAC-001-084"
"VAC-001","C1","FIXED",200,2022-05-20,2023-06-06,"USA","VAC-001-085"
"VAC-001","C1","FIXED",200,2022-05-20,2023-06-06,"USA","VAC-001-086"
"VAC-001","C1","FIXED",200,2022-05-20,2023-06-06,"USA","VAC-001-087"
"VAC-001","C1","FIXED",200,2022-05-20,2023-06-06,"USA","VAC-001-088"
"VAC-001","C1","FIXED",200,2022-05-20,2023-06-06,"USA","VAC-001-089"
"VAC-001","C1","FIXED",200,2022-05-20,2023-06-06,"USA","VAC-001-090"
"VAC-001","C1","FIXED",200,2022-05-20,2023-06-06,"USA","VAC-001-091"
"VAC-001","C1","FIXED",200,2022-05-20,2023-06-06,"USA","VAC-001-092"
"VAC-001","C1","FIXED",200,2022-05-20,2023-06-06,"USA","VAC-001-093"
"VAC-001","C1","FIXED",200,2022-05-20,2023-06-06,"USA","VAC-001-094"
"VAC-001","C1","FIXED",200,2022-05-20,2023-06-06,"USA","VAC-001-095"
"VAC-001","C1","FIXED",200,2022-05-20,2023-06-06,"USA","VAC-001-096"
"VAC-001","C1","FIXED",200,2022-05-20,2023-06-06,"USA","VAC-001-097"
"VAC-001","C1","FIXED",200,2022-05-20,2023-06-06,"USA","VAC-001-098"
"VAC-001","C1","FIXED",200,2022-05-20,2023-06-06,"USA","VAC-001-099"
"VAC-001","C1","FIXED",200,2022-05-20,2023-06-06,"USA","VAC-001-100"
"VAC-001","C1","FIXED",200,2022-05-20,2023-06-06,"USA","VAC-001-101"
"VAC-001","C1","FIXED",200,2022-05-20,2023-06-06,"USA","VAC-001-102"
"VAC-001","C1","FIXED",200,2022-05-20,2023-06-06,"USA","VAC-001-103"
"VAC-001","C1","FIXED",200,2022-05-20,2023-06-06,"USA","VAC-001-104"
"VAC-001","C1","FIXED",200,2022-05-20,2023-06-06,"USA","VAC-001-105"
"VAC-001","C1","FIXED",200,2022-05-20,2023-06-06,"USA","VAC-001-106"
"VAC-001","C1","FIXED",200,2022-05-20,2023-06-06,"USA","VAC-001-107"
"VAC-001","C1","FIXED",200,2022-05-20,2023-06-06,"USA","VAC-001-108"
"VAC-001","C1","FIXED",200,2022-05-20,2023-06-06,"USA","VAC-001-109"
"VAC-001","C1","FIXED",200,2022-05-20,2023-06-06,"USA","VAC-001-110"
"VAC-001","C1","FIXED",200,2022-05-20,2023-06-06,"USA","VAC-001-111"
"VAC-001","C1","FIXED",200,2022-05-20,2023-06-06,"USA","VAC-001-112"
"VAC-001","C1","FIXED",200,2022-05-20,2023-06-06,"USA","VAC-001-113"
"VAC-001","C1","FIXED",200,2022-05-20,2023-06-06,"USA","VAC-001-114"
"VAC-001","C1","FIXED",200,2022-05-20,2023-06-06,"USA","VAC-001-115"
"VAC-001","C1","FIXED",200,2022-05-20,2023-06-06,"USA","VAC-001-116"
"VAC-001","C1","FIXED",200,2022-05-20,2023-06-06,"USA","VAC-001-117"
"VAC-001","C1","FIXED",200,2022-05-20,2023-06-06,"USA","VAC-001-118"
"VAC-001","C1","FIXED",200,2022-05-20,2023-06-06,"USA","VAC-001-119"
"VAC-001","C1","FIXED",200,2022-05-20,2023-06-06,"USA","VAC-001-120"
"VAC-001","C1","FIXED",200,2022-05-20,2023-06-06,"USA","VAC-001-121"
"VAC-001","C1","FIXED",200,2022-05-20,2023-06-06,"USA","VAC-001-122"
"VAC-001","C1","FIXED",200,2022-05-20,2023-06-06,"USA","VAC-001-123"
"VAC-001","C1","FIXED",200,2022-05-20,2023-06-06,"USA","VAC-001-124"
"VAC-001","C1","FIXED",200,2022-05-20,2023-06-06,"USA","VAC-001-125"
"VAC-001","C1","FIXED",200,2022-05-20,2023-06-06,"USA","VAC-001-126"
"VAC-001","C1","FIXED",200,2022-05-20,2023-06-06,"USA","VAC-001-127"
"VAC-001","C1","FIXED",200,2022-05-20,2023-06-06,"USA","VAC-001-128"
"VAC-001","C1","FIXED",200,2022-05-20,2023-06-06,"USA","VAC-001-129"
"VAC-001","C1","FIXED",200,2022-05-20,2023-06-06,"USA","VAC-001-130"
"VAC-001","C1","FIXED",200,2022-05-20,2023-06-06,"USA","VAC-001-131"
"VAC-001","C1","FIXED",200,2022-05-20,2023-06-06,"USA","VAC-001-132"
"VAC-001","C1","FIXED",200,2022-05-20,2023-06-06,"USA","VAC-001-133"
"VAC-001","C1","FIXED",200,2022-05-20,2023-06-06,"USA","VAC-001-134"
"VAC-001","C1","FIXED",200,2022-05-20,2023-06-06,"USA","VAC-001-135"
"VAC-001","C1","FIXED",200,2022-05-20,2023-06-06,"USA","VAC-001-136"
"VAC-001","C1","FIXED",200,2022-05-20,2023-06-06,"USA","VAC-001-137"
"VAC-001","C1","FIXED",200,2022-05-20,2023-06-06,"USA","VAC-001-138"
"VAC-001","C1","FIXED",200,2022-05-20,2023-06-06,"USA","VAC-001-139"
"VAC-001","C1","FIXED",200,2022-05-20,2023-06-06,"USA","VAC-001-140"
"VAC-001","C1","FIXED",200,2022-05-20,2023-06-06,"USA","VAC-001-141"
"VAC-001","C1","FIXED",200,2022-05-20,2023-06-06,"USA","VAC-001-142"
"VAC-001","C1","FIXED",200,2022-05-20,2023-06-06,"USA","VAC-001-143"
"VAC-001","C1","FIXED",200,2022-05-20,2023-06-06,"USA","VAC-001-144"
"VAC-001","C1","FIXED",200,2022-05-20,2023-06-06,"USA","VAC-001-145"
"VAC-001","C1","FIXED",200,2022-05-20,2023-06-06,"USA","VAC-001-146"
"VAC-001","C1","FIXED",200,2022-05-20,2023-06-06,"USA","VAC-001-147"
"VAC-001","C1","FIXED",200,2022-05-20,2023-06-06,"USA","VAC-001-148"
"VAC-001","C1","FIXED",200,2022-05-20,2023-06-06,"USA","VAC-001-149"
"VAC-001","C1","FIXED",200,2022-05-20,2023-06-06,"USA","VAC-001-150"
"IM-001","C1","TITR",10,2024-08-01,2025-01-22,"USA","IM-001-001"
"IM-001","C1","TITR",10,2024-08-01,2025-01-22,"USA","IM-001-002"
"IM-001","C1","TITR",10,2024-08-01,2025-01-22,"USA","IM-001-003"
"IM-001","C1","TITR",10,2024-08-01,2025-01-22,"USA","IM-001-004"
"IM-001","C1","TITR",10,2024-08-01,2025-01-22,"USA","IM-001-005"
"I&I-001","C1","FIXED",9,2023-03-10,2024-03-12,"USA","I&I-001-001"
"I&I-001","C1","FIXED",9,2023-03-10,2024-03-12,"USA","I&I-001-002"
"I&I-001","C1","FIXED",8,2023-03-10,2024-03-12,"USA","I&I-001-003"
"I&I-001","C1","FIXED",9,2023-03-10,2024-03-12,"USA","I&I-001-004"
"I&I-001","C1","FIXED",9,2023-03-10,2024-03-12,"USA","I&I-001-005"
"I&I-001","C1","FIXED",8,2023-03-10,2024-03-12,"USA","I&I-001-006"
"I&I-001","C1","FIXED",9,2023-03-10,2024-03-12,"USA","I&I-001-007"
"I&I-001","C1","FIXED",9,2023-03-10,2024-03-12,"USA","I&I-001-008"
"I&I-001","C1","FIXED",9,2023-03-10,2024-03-12,"USA","I&I-001-009"
"I&I-001","C1","FIXED",9,2023-03-10,2024-03-12,"USA","I&I-001-010"
"I&I-001","C1","FIXED",8,2023-03-10,2024-03-12,"USA","I&I-001-011"
"I&I-001","C1","FIXED",9,2023-03-10,2024-03-12,"USA","I&I-001-012"
"I&I-001","C1","FIXED",9,2023-03-10,2024-03-12,"USA","I&I-001-013"
"I&I-001","C1","FIXED",8,2023-03-10,2024-03-12,"USA","I&I-001-014"
"I&I-001","C1","FIXED",9,2023-03-10,2024-03-12,"USA","I&I-001-015"
"I&I-001","C1","FIXED",9,2023-03-10,2024-03-12,"USA","I&I-001-016"
"I&I-001","C1","FIXED",9,2023-03-10,2024-03-12,"USA","I&I-001-017"
"I&I-001","C1","FIXED",9,2023-03-10,2024-03-12,"USA","I&I-001-018"
"I&I-001","C1","FIXED",8,2023-03-10,2024-03-12,"USA","I&I-001-019"
"I&I-001","C1","FIXED",9,2023-03-10,2024-03-12,"USA","I&I-001-020"
"I&I-001","C1","FIXED",9,2023-03-10,2024-03-12,"USA","I&I-001-021"
"I&I-001","C1","FIXED",8,2023-03-10,2024-03-12,"USA","I&I-001-022"
"I&I-001","C1","FIXED",9,2023-03-10,2024-03-12,"USA","I&I-001-023"
"I&I-001","C1","FIXED",9,2023-03-10,2024-03-12,"USA","I&I-001-024"
"I&I-001","C1","FIXED",9,2023-03-10,2024-03-12,"USA","I&I-001-025"
"I&I-001","C1","FIXED",9,2023-03-10,2024-03-12,"USA","I&I-001-026"
"I&I-001","C1","FIXED",8,2023-03-10,2024-03-12,"USA","I&I-001-027"
"I&I-001","C1","FIXED",9,2023-03-10,2024-03-12,"USA","I&I-001-028"
"I&I-001","C1","FIXED",9,2023-03-10,2024-03-12,"USA","I&I-001-029"
"I&I-001","C1","FIXED",8,2023-03-10,2024-03-12,"USA","I&I-001-030"
"I&I-001","C1","FIXED",9,2023-03-10,2024-03-12,"USA","I&I-001-031"
"I&I-001","C1","FIXED",9,2023-03-10,2024-03-12,"USA","I&I-001-032"
"I&I-001","C1","FIXED",9,2023-03-10,2024-03-12,"USA","I&I-001-033"
"I&I-001","C1","FIXED",9,2023-03-10,2024-03-12,"USA","I&I-001-034"
"I&I-001","C1","FIXED",8,2023-03-10,2024-03-12,"USA","I&I-001-035"
"I&I-001","C1","FIXED",9,2023-03-10,2024-03-12,"USA","I&I-001-036"
"I&I-001","C1","FIXED",9,2023-03-10,2024-03-12,"USA","I&I-001-037"
"I&I-001","C1","FIXED",8,2023-03-10,2024-03-12,"USA","I&I-001-038"
"I&I-001","C1","FIXED",9,2023-03-10,2024-03-12,"USA","I&I-001-039"
"I&I-001","C1","FIXED",9,2023-03-10,2024-03-12,"USA","I&I-001-040"
"VAC-002","C1","FIXED",100,2024-09-01,2025-03-30,"USA","VAC-002-001"
"VAC-002","C1","FIXED",100,2024-09-01,2025-03-30,"USA","VAC-002-002"
"VAC-002","C1","FIXED",100,2024-09-01,2025-03-30,"USA","VAC-002-003"
"VAC-002","C1","FIXED",100,2024-09-01,2025-03-30,"USA","VAC-002-004"
"VAC-002","C1","FIXED",100,2024-09-01,2025-03-30,"USA","VAC-002-005"
"VAC-002","C1","FIXED",100,2024-09-01,2025-03-30,"USA","VAC-002-006"
"VAC-002","C1","FIXED",100,2024-09-01,2025-03-30,"USA","VAC-002-007"
"VAC-002","C1","FIXED",100,2024-09-01,2025-03-30,"USA","VAC-002-008"
"VAC-002","C1","FIXED",100,2024-09-01,2025-03-30,"USA","VAC-002-009"
"VAC-002","C1","FIXED",100,2024-09-01,2025-03-30,"USA","VAC-002-010"
"VAC-002","C1","FIXED",100,2024-09-01,2025-03-30,"USA","VAC-002-011"
"VAC-002","C1","FIXED",100,2024-09-01,2025-03-30,"USA","VAC-002-012"
"VAC-002","C1","FIXED",100,2024-09-01,2025-03-30,"USA","VAC-002-013"
"VAC-002","C1","FIXED",100,2024-09-01,2025-03-30,"USA","VAC-002-014"
"VAC-002","C1","FIXED",100,2024-09-01,2025-03-30,"USA","VAC-002-015"
"VAC-002","C1","FIXED",100,2024-09-01,2025-03-30,"USA","VAC-002-016"
"VAC-002","C1","FIXED",100,2024-09-01,2025-03-30,"USA","VAC-002-017"
"VAC-002","C1","FIXED",100,2024-09-01,2025-03-30,"USA","VAC-002-018"
"VAC-002","C1","FIXED",100,2024-09-01,2025-03-30,"USA","VAC-002-019"
"VAC-002","C1","FIXED",100,2024-09-01,2025-03-30,"USA","VAC-002-020"
"VAC-002","C1","FIXED",100,2024-09-01,2025-03-30,"USA","VAC-002-021"
"VAC-002","C1","FIXED",100,2024-09-01,2025-03-30,"USA","VAC-002-022"
"VAC-002","C1","FIXED",100,2024-09-01,2025-03-30,"USA","VAC-002-023"
"VAC-002","C1","FIXED",100,2024-09-01,2025-03-30,"USA","VAC-002-024"
"VAC-002","C1","FIXED",100,2024-09-01,2025-03-30,"USA","VAC-002-025"
"VAC-002","C1","FIXED",100,2024-09-01,2025-03-30,"USA","VAC-002-026"
"VAC-002","C1","FIXED",100,2024-09-01,2025-03-30,"USA","VAC-002-027"
"VAC-002","C1","FIXED",100,2024-09-01,2025-03-30,"USA","VAC-002-028"
"VAC-002","C1","FIXED",100,2024-09-01,2025-03-30,"USA","VAC-002-029"
"VAC-002","C1","FIXED",100,2024-09-01,2025-03-30,"USA","VAC-002-030"
"VAC-002","C1","FIXED",100,2024-09-01,2025-03-30,"USA","VAC-002-031"
"VAC-002","C1","FIXED",100,2024-09-01,2025-03-30,"USA","VAC-002-032"
"VAC-002","C1","FIXED",100,2024-09-01,2025-03-30,"USA","VAC-002-033"
"VAC-002","C1","FIXED",100,2024-09-01,2025-03-30,"USA","VAC-002-034"
"VAC-002","C1","FIXED",100,2024-09-01,2025-03-30,"USA","VAC-002-035"
"VAC-002","C1","FIXED",100,2024-09-01,2025-03-30,"USA","VAC-002-036"
"VAC-002","C1","FIXED",100,2024-09-01,2025-03-30,"USA","VAC-002-037"
"VAC-002","C1","FIXED",100,2024-09-01,2025-03-30,"USA","VAC-002-038"
"VAC-002","C1","FIXED",100,2024-09-01,2025-03-30,"USA","VAC-002-039"
"VAC-002","C1","FIXED",100,2024-09-01,2025-03-30,"USA","VAC-002-040"
"VAC-002","C1","FIXED",100,2024-09-01,2025-03-30,"USA","VAC-002-041"
"VAC-002","C1","FIXED",100,2024-09-01,2025-03-30,"USA","VAC-002-042"
"VAC-002","C1","FIXED",100,2024-09-01,2025-03-30,"USA","VAC-002-043"
"VAC-002","C1","FIXED",100,2024-09-01,2025-03-30,"USA","VAC-002-044"
"VAC-002","C1","FIXED",100,2024-09-01,2025-03-30,"USA","VAC-002-045"
"VAC-002","C1","FIXED",100,2024-09-01,2025-03-30,"USA","VAC-002-046"
"VAC-002","C1","FIXED",100,2024-09-01,2025-03-30,"USA","VAC-002-047"
"VAC-002","C1","FIXED",100,2024-09-01,2025-03-30,"USA","VAC-002-048"
"VAC-002","C1","FIXED",100,2024-09-01,2025-03-30,"USA","VAC-002-049"
"VAC-002","C1","FIXED",100,2024-09-01,2025-03-30,"USA","VAC-002-050"
"VAC-002","C1","FIXED",100,2024-09-01,2025-03-30,"USA","VAC-002-051"
"VAC-002","C1","FIXED",100,2024-09-01,2025-03-30,"USA","VAC-002-052"
"VAC-002","C1","FIXED",100,2024-09-01,2025-03-30,"USA","VAC-002-053"
"VAC-002","C1","FIXED",100,2024-09-01,2025-03-30,"USA","VAC-002-054"
"VAC-002","C1","FIXED",100,2024-09-01,2025-03-30,"USA","VAC-002-055"
"VAC-002","C1","FIXED",100,2024-09-01,2025-03-30,"USA","VAC-002-056"
"VAC-002","C1","FIXED",100,2024-09-01,2025-03-30,"USA","VAC-002-057"
"VAC-002","C1","FIXED",100,2024-09-01,2025-03-30,"USA","VAC-002-058"
"VAC-002","C1","FIXED",100,2024-09-01,2025-03-30,"USA","VAC-002-059"
"VAC-002","C1","FIXED",100,2024-09-01,2025-03-30,"USA","VAC-002-060"
"VAC-002","C1","FIXED",100,2024-09-01,2025-03-30,"USA","VAC-002-061"
"VAC-002","C1","FIXED",100,2024-09-01,2025-03-30,"USA","VAC-002-062"
"VAC-002","C1","FIXED",100,2024-09-01,2025-03-30,"USA","VAC-002-063"
"VAC-002","C1","FIXED",100,2024-09-01,2025-03-30,"USA","VAC-002-064"
"VAC-002","C1","FIXED",100,2024-09-01,2025-03-30,"USA","VAC-002-065"
"VAC-002","C1","FIXED",100,2024-09-01,2025-03-30,"USA","VAC-002-066"
"VAC-002","C1","FIXED",100,2024-09-01,2025-03-30,"USA","VAC-002-067"
"VAC-002","C1","FIXED",100,2024-09-01,2025-03-30,"USA","VAC-002-068"
"VAC-002","C1","FIXED",100,2024-09-01,2025-03-30,"USA","VAC-002-069"
"VAC-002","C1","FIXED",100,2024-09-01,2025-03-30,"USA","VAC-002-070"
"VAC-002","C1","FIXED",100,2024-09-01,2025-03-30,"USA","VAC-002-071"
"VAC-002","C1","FIXED",100,2024-09-01,2025-03-30,"USA","VAC-002-072"
"VAC-002","C1","FIXED",100,2024-09-01,2025-03-30,"USA","VAC-002-073"
"VAC-002","C1","FIXED",100,2024-09-01,2025-03-30,"USA","VAC-002-074"
"VAC-002","C1","FIXED",100,2024-09-01,2025-03-30,"USA","VAC-002-075"
"VAC-002","C1","FIXED",100,2024-09-01,2025-03-30,"USA","VAC-002-076"
"VAC-002","C1","FIXED",100,2024-09-01,2025-03-30,"USA","VAC-002-077"
"VAC-002","C1","FIXED",100,2024-09-01,2025-03-30,"USA","VAC-002-078"
"VAC-002","C1","FIXED",100,2024-09-01,2025-03-30,"USA","VAC-002-079"
"VAC-002","C1","FIXED",100,2024-09-01,2025-03-30,"USA","VAC-002-080"
"VAC-002","C1","FIXED",100,2024-09-01,2025-03-30,"USA","VAC-002-081"
"VAC-002","C1","FIXED",100,2024-09-01,2025-03-30,"USA","VAC-002-082"
"VAC-002","C1","FIXED",100,2024-09-01,2025-03-30,"USA","VAC-002-083"
"VAC-002","C1","FIXED",100,2024-09-01,2025-03-30,"USA","VAC-002-084"
"VAC-002","C1","FIXED",100,2024-09-01,2025-03-30,"USA","VAC-002-085"
"VAC-002","C1","FIXED",100,2024-09-01,2025-03-30,"USA","VAC-002-086"
"VAC-002","C1","FIXED",100,2024-09-01,2025-03-30,"USA","VAC-002-087"
"VAC-002","C1","FIXED",100,2024-09-01,2025-03-30,"USA","VAC-002-088"
"VAC-002","C1","FIXED",100,2024-09-01,2025-03-30,"USA","VAC-002-089"
"VAC-002","C1","FIXED",100,2024-09-01,2025-03-30,"USA","VAC-002-090"
"VAC-002","C1","FIXED",100,2024-09-01,2025-03-30,"USA","VAC-002-091"
"VAC-002","C1","FIXED",100,2024-09-01,2025-03-30,"USA","VAC-002-092"
"VAC-002","C1","FIXED",100,2024-09-01,2025-03-30,"USA","VAC-002-093"
"VAC-002","C1","FIXED",100,2024-09-01,2025-03-30,"USA","VAC-002-094"
"VAC-002","C1","FIXED",100,2024-09-01,2025-03-30,"USA","VAC-002-095"
"VAC-002","C1","FIXED",100,2024-09-01,2025-03-30,"USA","VAC-002-096"
"VAC-002","C1","FIXED",100,2024-09-01,2025-03-30,"USA","VAC-002-097"
"VAC-002","C1","FIXED",100,2024-09-01,2025-03-30,"USA","VAC-002-098"
"VAC-002","C1","FIXED",100,2024-09-01,2025-03-30,"USA","VAC-002-099"
"VAC-002","C1","FIXED",100,2024-09-01,2025-03-30,"USA","VAC-002-100"
"ONC-003","C1","TITR",7,2024-03-15,2024-10-26,"USA","MSK-001"
"ONC-003","C1","TITR",7,2024-03-15,2024-10-26,"USA","MDA-001"
"ONC-003","C1","TITR",8,2024-03-15,2024-10-26,"USA","DF-001"
"ONC-003","C1","TITR",7,2024-03-15,2024-10-26,"USA","ONC-003-001"
"ONC-003","C1","TITR",7,2024-03-15,2024-10-26,"USA","ONC-003-002"
"ONC-003","C1","TITR",7,2024-03-15,2024-10-26,"USA","ONC-003-003"
"ONC-003","C1","TITR",7,2024-03-15,2024-10-26,"USA","ONC-003-004"
"ONC-003","C1","TITR",8,2024-03-15,2024-10-26,"USA","ONC-003-005"
"ONC-003","C1","TITR",7,2024-03-15,2024-10-26,"USA","ONC-003-006"
"ONC-003","C1","TITR",7,2024-03-15,2024-10-26,"USA","ONC-003-007"
"ONC-003","C1","TITR",7,2024-03-15,2024-10-26,"USA","ONC-003-008"
"ONC-003","C1","TITR",7,2024-03-15,2024-10-26,"USA","ONC-003-009"
"ONC-003","C1","TITR",8,2024-03-15,2024-10-26,"USA","ONC-003-010"
"ONC-003","C1","TITR",7,2024-03-15,2024-10-26,"USA","ONC-003-011"
"ONC-003","C1","TITR",7,2024-03-15,2024-10-26,"USA","ONC-003-012"
"ONC-003","C1","TITR",7,2024-03-15,2024-10-26,"USA","ONC-003-013"
"ONC-003","C1","TITR",7,2024-03-15,2024-10-26,"USA","ONC-003-014"
"ONC-003","C1","TITR",8,2024-03-15,2024-10-26,"USA","ONC-003-015"
"ONC-003","C1","TITR",7,2024-03-15,2024-10-26,"USA","ONC-003-016"
"ONC-003","C1","TITR",7,2024-03-15,2024-10-26,"USA","ONC-003-017"
"ONC-003","C1","TITR",7,2024-03-15,2024-10-26,"USA","ONC-003-018"
"ONC-003","C1","TITR",7,2024-03-15,2024-10-26,"USA","ONC-003-019"
"ONC-003","C1","TITR",8,2024-03-15,2024-10-26,"USA","ONC-003-020"
"ONC-003","C1","TITR",7,2024-03-15,2024-10-26,"USA","ONC-003-021"
"ONC-003","C1","TITR",7,2024-03-15,2024-10-26,"USA","ONC-003-022"
"IM-002","C1","FIXED",7,2024-01-10,2024-10-18,"USA","IM-002-001"
"IM-002","C1","FIXED",6,2024-01-10,2024-10-18,"USA","IM-002-002"
"IM-002","C1","FIXED",7,2024-01-10,2024-10-18,"USA","MAYO-001"
"IM-002","C1","FIXED",7,2024-01-10,2024-10-18,"USA","CC-001"
"IM-002","C1","FIXED",6,2024-01-10,2024-10-18,"USA","UCSF-001"
"IM-002","C1","FIXED",7,2024-01-10,2024-10-18,"USA","IM-002-001"
"IM-002","C1","FIXED",7,2024-01-10,2024-10-18,"USA","IM-002-002"
"IM-002","C1","FIXED",6,2024-01-10,2024-10-18,"USA","IM-002-003"
"IM-002","C1","FIXED",7,2024-01-10,2024-10-18,"USA","IM-002-004"
"IM-002","C1","FIXED",7,2024-01-10,2024-10-18,"USA","IM-002-005"
"IM-002","C1","FIXED",6,2024-01-10,2024-10-18,"USA","IM-002-006"
"IM-002","C1","FIXED",7,2024-01-10,2024-10-18,"USA","IM-002-007"
"IM-002","C1","FIXED",7,2024-01-10,2024-10-18,"USA","IM-002-008"
"IM-002","C1","FIXED",6,2024-01-10,2024-10-18,"USA","IM-002-009"
"IM-002","C1","FIXED",7,2024-01-10,2024-10-18,"USA","IM-002-010"
"IM-002","C1","FIXED",7,2024-01-10,2024-10-18,"USA","IM-002-011"
"IM-002","C1","FIXED",6,2024-01-10,2024-10-18,"USA","IM-002-012"
"IM-002","C1","FIXED",7,2024-01-10,2024-10-18,"USA","IM-002-013"
"IM-002","C1","FIXED",7,2024-01-10,2024-10-18,"USA","IM-002-014"
"IM-002","C1","FIXED",6,2024-01-10,2024-10-18,"USA","IM-002-015"
"IM-002","C1","FIXED",7,2024-01-10,2024-10-18,"USA","IM-002-016"
"IM-002","C1","FIXED",7,2024-01-10,2024-10-18,"USA","IM-002-017"
"IM-002","C1","FIXED",6,2024-01-10,2024-10-18,"USA","IM-002-018"
"IM-002","C1","FIXED",7,2024-01-10,2024-10-18,"USA","IM-002-019"
"IM-002","C1","FIXED",7,2024-01-10,2024-10-18,"USA","IM-002-020"
"IM-002","C1","FIXED",6,2024-01-10,2024-10-18,"USA","IM-002-021"
"IM-002","C1","FIXED",7,2024-01-10,2024-10-18,"USA","IM-002-022"
"IM-002","C1","FIXED",7,2024-01-10,2024-10-18,"USA","IM-002-023"
"IM-002","C1","FIXED",6,2024-01-10,2024-10-18,"USA","IM-002-024"
"IM-002","C1","FIXED",7,2024-01-10,2024-10-18,"USA","IM-002-025"
"IM-002","C1","FIXED",7,2024-01-10,2024-10-18,"USA","IM-002-026"
"IM-002","C1","FIXED",6,2024-01-10,2024-10-18,"USA","IM-002-027"
"IM-002","C1","FIXED",7,2024-01-10,2024-10-18,"USA","IM-002-028"
"IM-002","C1","FIXED",7,2024-01-10,2024-10-18,"USA","IM-002-029"
"IM-002","C1","FIXED",6,2024-01-10,2024-10-18,"USA","IM-002-030"
"IM-002","C1","FIXED",7,2024-01-10,2024-10-18,"USA","IM-002-031"
"IM-002","C1","FIXED",7,2024-01-10,2024-10-18,"USA","IM-002-032"
"IM-002","C1","FIXED",6,2024-01-10,2024-10-18,"USA","IM-002-033"
"IM-002","C1","FIXED",7,2024-01-10,2024-10-18,"USA","IM-002-034"
"IM-002","C1","FIXED",7,2024-01-10,2024-10-18,"USA","IM-002-035"
"IM-002","C1","FIXED",6,2024-01-10,2024-10-18,"USA","IM-002-036"
"IM-002","C1","FIXED",7,2024-01-10,2024-10-18,"USA","IM-002-037"
"IM-002","C1","FIXED",7,2024-01-10,2024-10-18,"USA","IM-002-038"
"IM-002","C1","FIXED",6,2024-01-10,2024-10-18,"USA","IM-002-039"
"IM-002","C1","FIXED",7,2024-01-10,2024-10-18,"USA","IM-002-040"
"II-003","C1","FIXED",7,2024-06-01,2025-01-05,"USA","II-003-001"
"II-003","C1","FIXED",8,2024-06-01,2025-01-05,"USA","II-003-002"
"II-003","C1","FIXED",7,2024-06-01,2025-01-05,"USA","II-003-003"
"II-003","C1","FIXED",7,2024-06-01,2025-01-05,"USA","II-003-004"
"II-003","C1","FIXED",8,2024-06-01,2025-01-05,"USA","II-003-005"
"II-003","C1","FIXED",7,2024-06-01,2025-01-05,"USA","II-003-006"
"II-003","C1","FIXED",7,2024-06-01,2025-01-05,"USA","II-003-007"
"II-003","C1","FIXED",8,2024-06-01,2025-01-05,"USA","II-003-008"
"II-003","C1","FIXED",7,2024-06-01,2025-01-05,"USA","II-003-009"
"II-003","C1","FIXED",7,2024-06-01,2025-01-05,"USA","II-003-010"
"II-003","C1","FIXED",8,2024-06-01,2025-01-05,"USA","II-003-011"
"II-003","C1","FIXED",7,2024-06-01,2025-01-05,"USA","II-003-012"
"II-003","C1","FIXED",7,2024-06-01,2025-01-05,"USA","II-003-013"
"II-003","C1","FIXED",8,2024-06-01,2025-01-05,"USA","II-003-014"
"II-003","C1","FIXED",7,2024-06-01,2025-01-05,"USA","II-003-015"
"II-003","C1","FIXED",7,2024-06-01,2025-01-05,"USA","II-003-016"
"II-003","C1","FIXED",8,2024-06-01,2025-01-05,"USA","II-003-017"
"II-003","C1","FIXED",7,2024-06-01,2025-01-05,"USA","II-003-018"
"II-003","C1","FIXED",7,2024-06-01,2025-01-05,"USA","II-003-019"
"II-003","C1","FIXED",8,2024-06-01,2025-01-05,"USA","II-003-020"
"II-003","C1","FIXED",7,2024-06-01,2025-01-05,"USA","II-003-021"
"II-003","C1","FIXED",7,2024-06-01,2025-01-05,"USA","II-003-022"
"II-003","C1","FIXED",8,2024-06-01,2025-01-05,"USA","II-003-023"
"II-003","C1","FIXED",7,2024-06-01,2025-01-05,"USA","II-003-024"
"II-003","C1","FIXED",7,2024-06-01,2025-01-05,"USA","II-003-025"
"II-003","C1","FIXED",8,2024-06-01,2025-01-05,"USA","II-003-026"
"II-003","C1","FIXED",7,2024-06-01,2025-01-05,"USA","II-003-027"
"II-003","C1","FIXED",7,2024-06-01,2025-01-05,"USA","II-003-028"
"II-003","C1","FIXED",8,2024-06-01,2025-01-05,"USA","II-003-029"
"II-003","C1","FIXED",7,2024-06-01,2025-01-05,"USA","II-003-030"
"VAC-004","C1","TITR",8,2024-02-20,2024-05-25,"USA","VAC-004-001"
"VAC-004","C1","TITR",9,2024-02-20,2024-05-25,"USA","VAC-004-001"
"VAC-004","C1","TITR",8,2024-02-20,2024-05-25,"USA","VAC-004-002"
"VAC-004","C1","TITR",8,2024-02-20,2024-05-25,"USA","VAC-004-003"
"VAC-004","C1","TITR",9,2024-02-20,2024-05-25,"USA","VAC-004-004"
"VAC-004","C1","TITR",8,2024-02-20,2024-05-25,"USA","VAC-004-005"
"VAC-004","C1","TITR",8,2024-02-20,2024-05-25,"USA","VAC-004-006"
"VAC-004","C1","TITR",9,2024-02-20,2024-05-25,"USA","VAC-004-007"
"VAC-004","C1","TITR",8,2024-02-20,2024-05-25,"USA","VAC-004-008"
"VAC-004","C1","TITR",8,2024-02-20,2024-05-25,"USA","VAC-004-009"
"VAC-004","C1","TITR",9,2024-02-20,2024-05-25,"USA","VAC-004-010"
"VAC-004","C1","TITR",8,2024-02-20,2024-05-25,"USA","VAC-004-011"
"ONC-007","C1","TITR",6,2024-07-15,2024-12-08,"USA","ONC-007-001"
"ONC-007","C1","TITR",6,2024-07-15,2024-12-08,"USA","ONC-007-001"
"ONC-007","C1","TITR",6,2024-07-15,2024-12-08,"USA","ONC-007-002"
"ONC-007","C1","TITR",6,2024-07-15,2024-12-08,"USA","ONC-007-003"
"ONC-007","C1","TITR",6,2024-07-15,2024-12-08,"USA","ONC-007-004"
"ONC-007","C1","TITR",6,2024-07-15,2024-12-08,"USA","ONC-007-005"
"ONC-007","C1","TITR",6,2024-07-15,2024-12-08,"USA","ONC-007-006"
"ONC-007","C1","TITR",6,2024-07-15,2024-12-08,"USA","ONC-007-007"
"ONC-007","C1","TITR",6,2024-07-15,2024-12-08,"USA","ONC-007-008"
"ONC-007","C1","TITR",6,2024-07-15,2024-12-08,"USA","ONC-007-009"
"ONC-007","C1","TITR",6,2024-07-15,2024-12-08,"USA","ONC-007-010"
"ONC-007","C1","TITR",6,2024-07-15,2024-12-08,"USA","ONC-007-011"
"ONC-007","C1","TITR",6,2024-07-15,2024-12-08,"USA","ONC-007-012"
"ONC-007","C1","TITR",6,2024-07-15,2024-12-08,"USA","ONC-007-013"
"ONC-007","C1","TITR",6,2024-07-15,2024-12-08,"USA","ONC-007-014"
"VAC-008","C1","FIXED",8,2024-01-05,2024-05-24,"USA","CCHMC-001"
"VAC-008","C1","FIXED",8,2024-01-05,2024-05-24,"USA","VAC-008-001"
"VAC-008","C1","FIXED",8,2024-01-05,2024-05-24,"USA","VAC-008-002"
"VAC-008","C1","FIXED",8,2024-01-05,2024-05-24,"USA","VAC-008-003"
"VAC-008","C1","FIXED",8,2024-01-05,2024-05-24,"USA","VAC-008-004"
"VAC-008","C1","FIXED",8,2024-01-05,2024-05-24,"USA","VAC-008-005"
"VAC-008","C1","FIXED",8,2024-01-05,2024-05-24,"USA","VAC-008-006"
"VAC-008","C1","FIXED",8,2024-01-05,2024-05-24,"USA","VAC-008-007"
"VAC-008","C1","FIXED",8,2024-01-05,2024-05-24,"USA","VAC-008-008"
"VAC-008","C1","FIXED",8,2024-01-05,2024-05-24,"USA","VAC-008-009"
"VAC-008","C1","FIXED",8,2024-01-05,2024-05-24,"USA","VAC-008-010"
"VAC-008","C1","FIXED",8,2024-01-05,2024-05-24,"USA","VAC-008-011"
"VAC-008","C1","FIXED",8,2024-01-05,2024-05-24,"USA","VAC-008-012"
"VAC-008","C1","FIXED",8,2024-01-05,2024-05-24,"USA","VAC-008-013"
"VAC-008","C1","FIXED",8,2024-01-05,2024-05-24,"USA","VAC-008-014"
"VAC-008","C1","FIXED",8,2024-01-05,2024-05-24,"USA","VAC-008-015"
"VAC-008","C1","FIXED",8,2024-01-05,2024-05-24,"USA","VAC-008-016"
"VAC-008","C1","FIXED",8,2024-01-05,2024-05-24,"USA","VAC-008-017"
"VAC-008","C1","FIXED",8,2024-01-05,2024-05-24,"USA","VAC-008-018"
"VAC-008","C1","FIXED",8,2024-01-05,2024-05-24,"USA","VAC-008-019"
"VAC-008","C1","FIXED",8,2024-01-05,2024-05-24,"USA","VAC-008-020"
"VAC-008","C1","FIXED",8,2024-01-05,2024-05-24,"USA","VAC-008-021"
"VAC-008","C1","FIXED",8,2024-01-05,2024-05-24,"USA","VAC-008-022"
"VAC-008","C1","FIXED",8,2024-01-05,2024-05-24,"USA","VAC-008-023"
"VAC-008","C1","FIXED",8,2024-01-05,2024-05-24,"USA","VAC-008-024"
"VAC-008","C1","FIXED",8,2024-01-05,2024-05-24,"USA","VAC-008-025"
"VAC-008","C1","FIXED",8,2024-01-05,2024-05-24,"USA","VAC-008-026"
"VAC-008","C1","FIXED",8,2024-01-05,2024-05-24,"USA","VAC-008-027"
"VAC-008","C1","FIXED",8,2024-01-05,2024-05-24,"USA","VAC-008-028"
"VAC-008","C1","FIXED",8,2024-01-05,2024-05-24,"USA","VAC-008-029"
"VAC-008","C1","FIXED",8,2024-01-05,2024-05-24,"USA","VAC-008-030"
"VAC-008","C1","FIXED",8,2024-01-05,2024-05-24,"USA","VAC-008-031"
"VAC-008","C1","FIXED",8,2024-01-05,2024-05-24,"USA","VAC-008-032"
"VAC-008","C1","FIXED",8,2024-01-05,2024-05-24,"USA","VAC-008-033"
"VAC-008","C1","FIXED",8,2024-01-05,2024-05-24,"USA","VAC-008-034"
"IM-009","C1","FIXED",8,2023-11-01,2024-03-26,"USA","IM-009-001"
"IM-009","C1","FIXED",9,2023-11-01,2024-03-26,"USA","IM-009-002"
"IM-009","C1","FIXED",8,2023-11-01,2024-03-26,"USA","IM-009-003"
"IM-009","C1","FIXED",8,2023-11-01,2024-03-26,"USA","IM-009-004"
"IM-009","C1","FIXED",9,2023-11-01,2024-03-26,"USA","IM-009-005"
"IM-009","C1","FIXED",8,2023-11-01,2024-03-26,"USA","IM-009-006"
"IM-009","C1","FIXED",8,2023-11-01,2024-03-26,"USA","IM-009-007"
"IM-009","C1","FIXED",9,2023-11-01,2024-03-26,"USA","IM-009-008"
"IM-009","C1","FIXED",8,2023-11-01,2024-03-26,"USA","IM-009-009"
"IM-009","C1","FIXED",8,2023-11-01,2024-03-26,"USA","IM-009-010"
"IM-009","C1","FIXED",9,2023-11-01,2024-03-26,"USA","IM-009-011"
"IM-009","C1","FIXED",8,2023-11-01,2024-03-26,"USA","IM-009-012"
"IM-009","C1","FIXED",8,2023-11-01,2024-03-26,"USA","IM-009-013"
"IM-009","C1","FIXED",9,2023-11-01,2024-03-26,"USA","IM-009-014"
"IM-009","C1","FIXED",8,2023-11-01,2024-03-26,"USA","IM-009-015"
"IM-009","C1","FIXED",8,2023-11-01,2024-03-26,"USA","IM-009-016"
"IM-009","C1","FIXED",9,2023-11-01,2024-03-26,"USA","IM-009-017"
"IM-009","C1","FIXED",8,2023-11-01,2024-03-26,"USA","IM-009-018"
"IM-009","C1","FIXED",8,2023-11-01,2024-03-26,"USA","IM-009-019"
"IM-009","C1","FIXED",9,2023-11-01,2024-03-26,"USA","IM-009-020"
"IM-009","C1","FIXED",8,2023-11-01,2024-03-26,"USA","IM-009-021"
"IM-009","C1","FIXED",8,2023-11-01,2024-03-26,"USA","IM-009-022"
"IM-009","C1","FIXED",9,2023-11-01,2024-03-26,"USA","IM-009-023"
"IM-009","C1","FIXED",8,2023-11-01,2024-03-26,"USA","IM-009-024"
"IM-009","C1","FIXED",8,2023-11-01,2024-03-26,"USA","IM-009-025"
"IM-009","C1","FIXED",9,2023-11-01,2024-03-26,"USA","IM-009-026"
"IM-009","C1","FIXED",8,2023-11-01,2024-03-26,"USA","IM-009-027"
"IM-009","C1","FIXED",8,2023-11-01,2024-03-26,"USA","IM-009-028"
"IM-009","C1","FIXED",9,2023-11-01,2024-03-26,"USA","IM-009-029"
"IM-009","C1","FIXED",8,2023-11-01,2024-03-26,"USA","IM-009-030"
"IM-009","C1","FIXED",8,2023-11-01,2024-03-26,"USA","IM-009-031"
"IM-009","C1","FIXED",9,2023-11-01,2024-03-26,"USA","IM-009-032"
"IM-009","C1","FIXED",8,2023-11-01,2024-03-26,"USA","IM-009-033"
"IM-009","C1","FIXED",8,2023-11-01,2024-03-26,"USA","IM-009-034"
"IM-009","C1","FIXED",9,2023-11-01,2024-03-26,"USA","IM-009-035"
"IM-009","C1","FIXED",8,2023-11-01,2024-03-26,"USA","IM-009-036"
"IM-009","C1","FIXED",8,2023-11-01,2024-03-26,"USA","IM-009-037"
"IM-009","C1","FIXED",9,2023-11-01,2024-03-26,"USA","IM-009-038"
"IM-009","C1","FIXED",8,2023-11-01,2024-03-26,"USA","IM-009-039"
"IM-009","C1","FIXED",8,2023-11-01,2024-03-26,"USA","IM-009-040"
"IM-009","C1","FIXED",9,2023-11-01,2024-03-26,"USA","IM-009-041"
"IM-009","C1","FIXED",8,2023-11-01,2024-03-26,"USA","IM-009-042"
"IM-009","C1","FIXED",8,2023-11-01,2024-03-26,"USA","IM-009-043"
"IM-009","C1","FIXED",9,2023-11-01,2024-03-26,"USA","IM-009-044"
"IM-009","C1","FIXED",8,2023-11-01,2024-03-26,"USA","IM-009-045"
"IM-009","C1","FIXED",8,2023-11-01,2024-03-26,"USA","IM-009-046"
"IM-009","C1","FIXED",9,2023-11-01,2024-03-26,"USA","IM-009-047"
"IM-009","C1","FIXED",8,2023-11-01,2024-03-26,"USA","IM-009-048"
"IM-009","C1","FIXED",8,2023-11-01,2024-03-26,"USA","IM-009-049"
"IM-009","C1","FIXED",9,2023-11-01,2024-03-26,"USA","IM-009-050"
"IM-009","C1","FIXED",8,2023-11-01,2024-03-26,"USA","IM-009-051"
"IM-009","C1","FIXED",8,2023-11-01,2024-03-26,"USA","IM-009-052"
"IM-009","C1","FIXED",9,2023-11-01,2024-03-26,"USA","IM-009-053"
"IM-009","C1","FIXED",8,2023-11-01,2024-03-26,"USA","IM-009-054"
"IM-009","C1","FIXED",8,2023-11-01,2024-03-26,"USA","IM-009-055"
"IM-009","C1","FIXED",9,2023-11-01,2024-03-26,"USA","IM-009-056"
"IM-009","C1","FIXED",8,2023-11-01,2024-03-26,"USA","IM-009-057"
"IM-009","C1","FIXED",8,2023-11-01,2024-03-26,"USA","IM-009-058"
"IM-009","C1","FIXED",9,2023-11-01,2024-03-26,"USA","IM-009-059"
"IM-009","C1","FIXED",8,2023-11-01,2024-03-26,"USA","IM-009-060"
"II-010","C1","FIXED",8,2024-05-20,2025-01-11,"USA","II-010-001"
"II-010","C1","FIXED",8,2024-05-20,2025-01-11,"USA","II-010-002"
"II-010","C1","FIXED",8,2024-05-20,2025-01-11,"USA","II-010-003"
"II-010","C1","FIXED",8,2024-05-20,2025-01-11,"USA","II-010-004"
"II-010","C1","FIXED",8,2024-05-20,2025-01-11,"USA","II-010-005"
"II-010","C1","FIXED",8,2024-05-20,2025-01-11,"USA","II-010-006"
"II-010","C1","FIXED",8,2024-05-20,2025-01-11,"USA","II-010-007"
"II-010","C1","FIXED",8,2024-05-20,2025-01-11,"USA","II-010-008"
"II-010","C1","FIXED",8,2024-05-20,2025-01-11,"USA","II-010-009"
"II-010","C1","FIXED",8,2024-05-20,2025-01-11,"USA","II-010-010"
"II-010","C1","FIXED",8,2024-05-20,2025-01-11,"USA","II-010-011"
"II-010","C1","FIXED",8,2024-05-20,2025-01-11,"USA","II-010-012"
"II-010","C1","FIXED",8,2024-05-20,2025-01-11,"USA","II-010-013"
"II-010","C1","FIXED",8,2024-05-20,2025-01-11,"USA","II-010-014"
"II-010","C1","FIXED",8,2024-05-20,2025-01-11,"USA","II-010-015"
"II-010","C1","FIXED",8,2024-05-20,2025-01-11,"USA","II-010-016"
"II-010","C1","FIXED",8,2024-05-20,2025-01-11,"USA","II-010-017"
"II-010","C1","FIXED",8,2024-05-20,2025-01-11,"USA","II-010-018"
"II-010","C1","FIXED",8,2024-05-20,2025-01-11,"USA","II-010-019"
"II-010","C1","FIXED",8,2024-05-20,2025-01-11,"USA","II-010-020"
"II-010","C1","FIXED",8,2024-05-20,2025-01-11,"USA","II-010-021"
"II-010","C1","FIXED",8,2024-05-20,2025-01-11,"USA","II-010-022"
"II-010","C1","FIXED",8,2024-05-20,2025-01-11,"USA","II-010-023"
"II-010","C1","FIXED",8,2024-05-20,2025-01-11,"USA","II-010-024"
"II-010","C1","FIXED",8,2024-05-20,2025-01-11,"USA","II-010-025"
"II-010","C1","FIXED",8,2024-05-20,2025-01-11,"USA","II-010-026"
"II-010","C1","FIXED",8,2024-05-20,2025-01-11,"USA","II-010-027"
"II-010","C1","FIXED",8,2024-05-20,2025-01-11,"USA","II-010-028"
"II-010","C1","FIXED",8,2024-05-20,2025-01-11,"USA","II-010-029"
"II-010","C1","FIXED",8,2024-05-20,2025-01-11,"USA","II-010-030"
"II-010","C1","FIXED",8,2024-05-20,2025-01-11,"USA","II-010-031"
"II-010","C1","FIXED",8,2024-05-20,2025-01-11,"USA","II-010-032"
"II-010","C1","FIXED",8,2024-05-20,2025-01-11,"USA","II-010-033"
"II-010","C1","FIXED",8,2024-05-20,2025-01-11,"USA","II-010-034"
"II-010","C1","FIXED",8,2024-05-20,2025-01-11,"USA","II-010-035"
"II-010","C1","FIXED",8,2024-05-20,2025-01-11,"USA","II-010-036"
"II-010","C1","FIXED",8,2024-05-20,2025-01-11,"USA","II-010-037"
"II-010","C1","FIXED",8,2024-05-20,2025-01-11,"USA","II-010-038"
"II-010","C1","FIXED",8,2024-05-20,2025-01-11,"USA","II-010-039"
"II-010","C1","FIXED",8,2024-05-20,2025-01-11,"USA","II-010-040"
"ONC-011","C1","TITR",7,2024-02-01,2024-09-12,"USA","ONC-011-001"
"ONC-011","C1","TITR",7,2024-02-01,2024-09-12,"USA","ONC-011-002"
"ONC-011","C1","TITR",7,2024-02-01,2024-09-12,"USA","ONC-011-003"
"ONC-011","C1","TITR",8,2024-02-01,2024-09-12,"USA","ONC-011-004"
"ONC-011","C1","TITR",7,2024-02-01,2024-09-12,"USA","ONC-011-005"
"ONC-011","C1","TITR",7,2024-02-01,2024-09-12,"USA","ONC-011-006"
"ONC-011","C1","TITR",7,2024-02-01,2024-09-12,"USA","ONC-011-007"
"ONC-011","C1","TITR",7,2024-02-01,2024-09-12,"USA","ONC-011-008"
"ONC-011","C1","TITR",7,2024-02-01,2024-09-12,"USA","ONC-011-009"
"ONC-011","C1","TITR",7,2024-02-01,2024-09-12,"USA","ONC-011-010"
"ONC-011","C1","TITR",8,2024-02-01,2024-09-12,"USA","ONC-011-011"
"ONC-011","C1","TITR",7,2024-02-01,2024-09-12,"USA","ONC-011-012"
"ONC-011","C1","TITR",7,2024-02-01,2024-09-12,"USA","ONC-011-013"
"ONC-011","C1","TITR",7,2024-02-01,2024-09-12,"USA","ONC-011-014"
"ONC-011","C1","TITR",7,2024-02-01,2024-09-12,"USA","ONC-011-015"
"ONC-011","C1","TITR",7,2024-02-01,2024-09-12,"USA","ONC-011-016"
"ONC-011","C1","TITR",7,2024-02-01,2024-09-12,"USA","ONC-011-017"
"ONC-011","C1","TITR",8,2024-02-01,2024-09-12,"USA","ONC-011-018"
"ONC-011","C1","TITR",7,2024-02-01,2024-09-12,"USA","ONC-011-019"
"ONC-011","C1","TITR",7,2024-02-01,2024-09-12,"USA","ONC-011-020"
"ONC-011","C1","TITR",7,2024-02-01,2024-09-12,"USA","ONC-011-021"
"ONC-011","C1","TITR",7,2024-02-01,2024-09-12,"USA","ONC-011-022"
"ONC-011","C1","TITR",7,2024-02-01,2024-09-12,"USA","ONC-011-023"
"ONC-011","C1","TITR",7,2024-02-01,2024-09-12,"USA","ONC-011-024"
"ONC-011","C1","TITR",8,2024-02-01,2024-09-12,"USA","ONC-011-025"
"ONC-011","C1","TITR",7,2024-02-01,2024-09-12,"USA","ONC-011-026"
"ONC-011","C1","TITR",7,2024-02-01,2024-09-12,"USA","ONC-011-027"
"ONC-011","C1","TITR",7,2024-02-01,2024-09-12,"USA","ONC-011-028"
"VAC-012","C1","TITR",8,2024-08-01,2024-10-24,"USA","VAC-012-001"
"VAC-012","C1","TITR",7,2024-08-01,2024-10-24,"USA","VAC-012-002"
"VAC-012","C1","TITR",7,2024-08-01,2024-10-24,"USA","VAC-012-003"
"VAC-012","C1","TITR",8,2024-08-01,2024-10-24,"USA","VAC-012-004"
"VAC-012","C1","TITR",8,2024-08-01,2024-10-24,"USA","VAC-012-005"
"VAC-012","C1","TITR",7,2024-08-01,2024-10-24,"USA","VAC-012-006"
"VAC-012","C1","TITR",7,2024-08-01,2024-10-24,"USA","VAC-012-007"
"VAC-012","C1","TITR",8,2024-08-01,2024-10-24,"USA","VAC-012-008"
