"Protocol","Arm","Titration_Visits","P_Up","P_Stay","P_Down","P_Miss","Tolerance_Level","Restart_Policy"
"ONR-2024-001","TITR",6,0.7,0.2,0.1,0.15,5,"uncapped"
"NEU-2024-003","TITR",6,0.7,0.2,0.1,0.02,6,"uncapped"
"ONC-001","TITR",6,0.7,0.2,0.1,0.02,5,"uncapped"
"IM-001","TITR",6,0.7,0.2,0.1,0.08,5,"uncapped"
"ONC-003","TITR",6,0.7,0.2,0.1,0.15,5,"uncapped"
"VAC-004","TITR",6,0.7,0.2,0.1,0.02,6,"uncapped"
"ONC-007","TITR",6,0.7,0.2,0.1,0.02,5,"uncapped"
"ONC-011","TITR",6,0.7,0.2,0.1,0.08,6,"uncapped"
"VAC-012","TITR",6,0.7,0.2,0.1,0.15,5,"uncapped"
