"rep_seed","Protocol","forecast","Units","Stockouts","P_Stockout","Stockout_Units","Expired","Reorders","Seed_Short","donor","titrates","synthetic","engine"
1037,"ONR-2024-001","trailing",75,75,1,501.5,6141.4,686,0,"ONR-2024-001",TRUE,FALSE,"dce2be12381bed08941e90d99de44ae46c01f592"
1037,"ONR-2024-001","rung",75,26,0.346666666666667,70.9,4996.2,685,0,"ONR-2024-001",TRUE,FALSE,"dce2be12381bed08941e90d99de44ae46c01f592"
1037,"CVD-2024-002","trailing",80,2,0.025,8,5538,575,0,"CVD-2024-002",FALSE,FALSE,"dce2be12381bed08941e90d99de44ae46c01f592"
1037,"CVD-2024-002","rung",80,0,0,0,4360.7,564,0,"CVD-2024-002",FALSE,FALSE,"dce2be12381bed08941e90d99de44ae46c01f592"
1037,"NEU-2024-003","trailing",36,25,0.694444444444444,125.8,2104.5,180,0,"NEU-2024-003",TRUE,FALSE,"dce2be12381bed08941e90d99de44ae46c01f592"
1037,"NEU-2024-003","rung",36,2,0.0555555555555556,4.4,818.1,146,0,"NEU-2024-003",TRUE,FALSE,"dce2be12381bed08941e90d99de44ae46c01f592"
1037,"ONC-001","trailing",69,30,0.434782608695652,145.3,8767.3,712,0,"ONC-001",TRUE,FALSE,"dce2be12381bed08941e90d99de44ae46c01f592"
1037,"ONC-001","rung",69,5,0.072463768115942,10.3,6454.9,718,0,"ONC-001",TRUE,FALSE,"dce2be12381bed08941e90d99de44ae46c01f592"
1037,"VAC-001","trailing",300,0,0,0,549666,3592,0,"VAC-001",FALSE,FALSE,"dce2be12381bed08941e90d99de44ae46c01f592"
1037,"VAC-001","rung",300,0,0,0,404050,3345,0,"VAC-001",FALSE,FALSE,"dce2be12381bed08941e90d99de44ae46c01f592"
1037,"IM-001","trailing",15,6,0.4,44.4,553.6,83,0,"IM-001",TRUE,FALSE,"dce2be12381bed08941e90d99de44ae46c01f592"
1037,"IM-001","rung",15,3,0.2,2,659.7,83,0,"IM-001",TRUE,FALSE,"dce2be12381bed08941e90d99de44ae46c01f592"
1037,"I&I-001","trailing",80,2,0.025,3.8,10577.4,843,0,"I&I-001",FALSE,FALSE,"dce2be12381bed08941e90d99de44ae46c01f592"
1037,"I&I-001","rung",80,0,0,0,8158.1,840,0,"I&I-001",FALSE,FALSE,"dce2be12381bed08941e90d99de44ae46c01f592"
1037,"VAC-002","trailing",200,0,0,0,35800.8,1198,0,"VAC-002",FALSE,FALSE,"dce2be12381bed08941e90d99de44ae46c01f592"
1037,"VAC-002","rung",200,0,0,0,50420.2,1093,0,"VAC-002",FALSE,FALSE,"dce2be12381bed08941e90d99de44ae46c01f592"
1037,"ONC-003","trailing",75,75,1,472.9,6072.8,647,0,"ONC-003",TRUE,FALSE,"dce2be12381bed08941e90d99de44ae46c01f592"
1037,"ONC-003","rung",75,22,0.293333333333333,44,4192.5,618,0,"ONC-003",TRUE,FALSE,"dce2be12381bed08941e90d99de44ae46c01f592"
1037,"IM-002","trailing",86,43,0.5,127.1,8296.7,848,0,"IM-002",FALSE,FALSE,"dce2be12381bed08941e90d99de44ae46c01f592"
1037,"IM-002","rung",86,2,0.0232558139534884,0.6,6195.6,781,0,"IM-002",FALSE,FALSE,"dce2be12381bed08941e90d99de44ae46c01f592"
1037,"II-003","trailing",60,0,0,0,3549.9,409,0,"II-003",FALSE,FALSE,"dce2be12381bed08941e90d99de44ae46c01f592"
1037,"II-003","rung",60,0,0,0,3145.6,402,0,"II-003",FALSE,FALSE,"dce2be12381bed08941e90d99de44ae46c01f592"
1037,"VAC-004","trailing",33,33,1,359.4,3315.5,168,0,"VAC-004",TRUE,FALSE,"dce2be12381bed08941e90d99de44ae46c01f592"
1037,"VAC-004","rung",33,2,0.0606060606060606,4.4,1620.5,126,0,"VAC-004",TRUE,FALSE,"dce2be12381bed08941e90d99de44ae46c01f592"
1037,"ONC-007","trailing",42,20,0.476190476190476,97,2272.7,191,0,"ONC-007",TRUE,FALSE,"dce2be12381bed08941e90d99de44ae46c01f592"
1037,"ONC-007","rung",42,3,0.0714285714285714,3.5,1511.3,171,0,"ONC-007",TRUE,FALSE,"dce2be12381bed08941e90d99de44ae46c01f592"
1037,"VAC-008","trailing",70,24,0.342857142857143,71.4,5348.39999999999,368,0,"VAC-008",FALSE,FALSE,"dce2be12381bed08941e90d99de44ae46c01f592"
1037,"VAC-008","rung",70,1,0.0142857142857143,0.5,2529.5,279,0,"VAC-008",FALSE,FALSE,"dce2be12381bed08941e90d99de44ae46c01f592"
1037,"IM-009","trailing",120,0,0,0,6404.00000000001,489,0,"IM-009",FALSE,FALSE,"dce2be12381bed08941e90d99de44ae46c01f592"
1037,"IM-009","rung",120,2,0.0166666666666667,1.2,4559.2,479,0,"IM-009",FALSE,FALSE,"dce2be12381bed08941e90d99de44ae46c01f592"
1037,"II-010","trailing",80,0,0,0,4876.4,542,0,"II-010",FALSE,FALSE,"dce2be12381bed08941e90d99de44ae46c01f592"
1037,"II-010","rung",80,0,0,0,3760.2,531,0,"II-010",FALSE,FALSE,"dce2be12381bed08941e90d99de44ae46c01f592"
1037,"ONC-011","trailing",84,71,0.845238095238095,299.5,7750.8,720,0,"ONC-011",TRUE,FALSE,"dce2be12381bed08941e90d99de44ae46c01f592"
1037,"ONC-011","rung",84,8,0.0952380952380952,12.4,5027.7,615,0,"ONC-011",TRUE,FALSE,"dce2be12381bed08941e90d99de44ae46c01f592"
1037,"VAC-012","trailing",24,12,0.5,58.4,970.2,82,0,"VAC-012",TRUE,FALSE,"dce2be12381bed08941e90d99de44ae46c01f592"
1037,"VAC-012","rung",24,1,0.0416666666666667,1.6,428.1,69,0,"VAC-012",TRUE,FALSE,"dce2be12381bed08941e90d99de44ae46c01f592"
1037,"SYN-001","trailing",88,2,0.0227272727272727,3.6,13164,923,0,"I&I-001",FALSE,TRUE,"dce2be12381bed08941e90d99de44ae46c01f592"
1037,"SYN-001","rung",88,0,0,0,10267.2,925,0,"I&I-001",FALSE,TRUE,"dce2be12381bed08941e90d99de44ae46c01f592"
1037,"SYN-002","trailing",30,16,0.533333333333333,131.4,1864,104,0,"VAC-004",TRUE,TRUE,"dce2be12381bed08941e90d99de44ae46c01f592"
1037,"SYN-002","rung",30,0,0,0,711.1,76,0,"VAC-004",TRUE,TRUE,"dce2be12381bed08941e90d99de44ae46c01f592"
1037,"SYN-003","trailing",33,33,1,235.7,2431.5,168,0,"NEU-2024-003",TRUE,TRUE,"dce2be12381bed08941e90d99de44ae46c01f592"
1037,"SYN-003","rung",33,0,0,0,1187.7,129,0,"NEU-2024-003",TRUE,TRUE,"dce2be12381bed08941e90d99de44ae46c01f592"
1037,"SYN-004","trailing",92,4,0.0434782608695652,6.4,1408.8,490,0,"II-010",FALSE,TRUE,"dce2be12381bed08941e90d99de44ae46c01f592"
1037,"SYN-004","rung",92,3,0.0326086956521739,2,1856.8,484,0,"II-010",FALSE,TRUE,"dce2be12381bed08941e90d99de44ae46c01f592"
1037,"SYN-005","trailing",48,48,1,475.5,6947.5,294,0,"VAC-008",FALSE,TRUE,"dce2be12381bed08941e90d99de44ae46c01f592"
1037,"SYN-005","rung",48,0,0,0,3782,212,0,"VAC-008",FALSE,TRUE,"dce2be12381bed08941e90d99de44ae46c01f592"
1037,"SYN-006","trailing",33,25,0.757575757575758,104.8,808.1,74,0,"VAC-012",TRUE,TRUE,"dce2be12381bed08941e90d99de44ae46c01f592"
1037,"SYN-006","rung",33,1,0.0303030303030303,3.3,466.1,47,0,"VAC-012",TRUE,TRUE,"dce2be12381bed08941e90d99de44ae46c01f592"
1037,"SYN-007","trailing",60,32,0.533333333333333,88.4,7049.2,591,0,"IM-002",FALSE,TRUE,"dce2be12381bed08941e90d99de44ae46c01f592"
1037,"SYN-007","rung",60,0,0,0,4972.8,533,0,"IM-002",FALSE,TRUE,"dce2be12381bed08941e90d99de44ae46c01f592"
1037,"SYN-008","trailing",82,2,0.024390243902439,4.3,7267.7,822,0,"I&I-001",FALSE,TRUE,"dce2be12381bed08941e90d99de44ae46c01f592"
1037,"SYN-008","rung",82,2,0.024390243902439,0.3,5570.7,822,0,"I&I-001",FALSE,TRUE,"dce2be12381bed08941e90d99de44ae46c01f592"
1037,"SYN-009","trailing",66,66,1,498.9,5892.1,421,0,"VAC-008",FALSE,TRUE,"dce2be12381bed08941e90d99de44ae46c01f592"
1037,"SYN-009","rung",66,0,0,0,3434.2,394,0,"VAC-008",FALSE,TRUE,"dce2be12381bed08941e90d99de44ae46c01f592"
1037,"SYN-010","trailing",9,3,0.333333333333333,25.4,493.7,60,0,"IM-001",TRUE,TRUE,"dce2be12381bed08941e90d99de44ae46c01f592"
1037,"SYN-010","rung",9,0,0,0,685.5,59,0,"IM-001",TRUE,TRUE,"dce2be12381bed08941e90d99de44ae46c01f592"
1037,"SYN-011","trailing",63,28,0.444444444444444,107.1,7629.5,662,0,"ONC-001",TRUE,TRUE,"dce2be12381bed08941e90d99de44ae46c01f592"
1037,"SYN-011","rung",63,3,0.0476190476190476,4.3,6029.3,660,0,"ONC-001",TRUE,TRUE,"dce2be12381bed08941e90d99de44ae46c01f592"
1037,"SYN-012","trailing",56,0,0,0,3358.2,223,0,"VAC-008",FALSE,TRUE,"dce2be12381bed08941e90d99de44ae46c01f592"
1037,"SYN-012","rung",56,0,0,0,385.2,177,0,"VAC-008",FALSE,TRUE,"dce2be12381bed08941e90d99de44ae46c01f592"
1037,"SYN-013","trailing",21,12,0.571428571428571,73.3,666,62,0,"VAC-012",TRUE,TRUE,"dce2be12381bed08941e90d99de44ae46c01f592"
1037,"SYN-013","rung",21,1,0.0476190476190476,1.4,430.9,54,0,"VAC-012",TRUE,TRUE,"dce2be12381bed08941e90d99de44ae46c01f592"
1037,"SYN-014","trailing",148,0,0,0,8268.80000000001,975,0,"IM-002",FALSE,TRUE,"dce2be12381bed08941e90d99de44ae46c01f592"
1037,"SYN-014","rung",148,0,0,0,4179.8,934,0,"IM-002",FALSE,TRUE,"dce2be12381bed08941e90d99de44ae46c01f592"
1037,"SYN-015","trailing",80,10,0.125,17.8,4962.8,645,0,"II-010",FALSE,TRUE,"dce2be12381bed08941e90d99de44ae46c01f592"
1037,"SYN-015","rung",80,0,0,0,4224.6,580,0,"II-010",FALSE,TRUE,"dce2be12381bed08941e90d99de44ae46c01f592"
1037,"SYN-016","trailing",92,0,0,0,5655.1,710,0,"IM-002",FALSE,TRUE,"dce2be12381bed08941e90d99de44ae46c01f592"
1037,"SYN-016","rung",92,2,0.0217391304347826,0.7,4270,705,0,"IM-002",FALSE,TRUE,"dce2be12381bed08941e90d99de44ae46c01f592"
1037,"SYN-017","trailing",96,50,0.520833333333333,238.7,5508.8,486,0,"ONC-003",TRUE,TRUE,"dce2be12381bed08941e90d99de44ae46c01f592"
1037,"SYN-017","rung",96,1,0.0104166666666667,1,3523.7,429,0,"ONC-003",TRUE,TRUE,"dce2be12381bed08941e90d99de44ae46c01f592"
1037,"SYN-018","trailing",36,14,0.388888888888889,71.3,1827.9,147,0,"NEU-2024-003",TRUE,TRUE,"dce2be12381bed08941e90d99de44ae46c01f592"
1037,"SYN-018","rung",36,0,0,0,503.1,124,0,"NEU-2024-003",TRUE,TRUE,"dce2be12381bed08941e90d99de44ae46c01f592"
1037,"SYN-019","trailing",78,0,0,0,3579.9,444,0,"VAC-008",FALSE,TRUE,"dce2be12381bed08941e90d99de44ae46c01f592"
1037,"SYN-019","rung",78,0,0,0,3372.5,461,0,"VAC-008",FALSE,TRUE,"dce2be12381bed08941e90d99de44ae46c01f592"
1037,"SYN-020","trailing",51,18,0.352941176470588,115.6,619.7,271,0,"ONC-007",TRUE,TRUE,"dce2be12381bed08941e90d99de44ae46c01f592"
1037,"SYN-020","rung",51,4,0.0784313725490196,4.2,765.6,249,0,"ONC-007",TRUE,TRUE,"dce2be12381bed08941e90d99de44ae46c01f592"
1037,"SYN-021","trailing",146,19,0.13013698630137,42,2182.2,868,0,"CVD-2024-002",FALSE,TRUE,"dce2be12381bed08941e90d99de44ae46c01f592"
1037,"SYN-021","rung",146,1,0.00684931506849315,0.3,2448.5,802,0,"CVD-2024-002",FALSE,TRUE,"dce2be12381bed08941e90d99de44ae46c01f592"
1037,"SYN-022","trailing",74,2,0.027027027027027,5.6,5330,592,0,"CVD-2024-002",FALSE,TRUE,"dce2be12381bed08941e90d99de44ae46c01f592"
1037,"SYN-022","rung",74,0,0,0,3841,543,0,"CVD-2024-002",FALSE,TRUE,"dce2be12381bed08941e90d99de44ae46c01f592"
1037,"SYN-023","trailing",36,36,1,461.5,3079.3,175,0,"VAC-004",TRUE,TRUE,"dce2be12381bed08941e90d99de44ae46c01f592"
1037,"SYN-023","rung",36,6,0.166666666666667,13.2,1797,142,0,"VAC-004",TRUE,TRUE,"dce2be12381bed08941e90d99de44ae46c01f592"
1037,"SYN-024","trailing",57,34,0.596491228070175,98.1,819.1,161,0,"NEU-2024-003",TRUE,TRUE,"dce2be12381bed08941e90d99de44ae46c01f592"
1037,"SYN-024","rung",57,4,0.0701754385964912,7.6,430.7,133,0,"NEU-2024-003",TRUE,TRUE,"dce2be12381bed08941e90d99de44ae46c01f592"
1037,"SYN-025","trailing",68,2,0.0294117647058824,3,3402.8,485,0,"CVD-2024-002",FALSE,TRUE,"dce2be12381bed08941e90d99de44ae46c01f592"
1037,"SYN-025","rung",68,1,0.0147058823529412,0.4,2980,466,0,"CVD-2024-002",FALSE,TRUE,"dce2be12381bed08941e90d99de44ae46c01f592"
1037,"SYN-026","trailing",54,27,0.5,107.7,574.6,230,0,"ONC-007",TRUE,TRUE,"dce2be12381bed08941e90d99de44ae46c01f592"
1037,"SYN-026","rung",54,4,0.0740740740740741,8.3,709.3,206,0,"ONC-007",TRUE,TRUE,"dce2be12381bed08941e90d99de44ae46c01f592"
1037,"SYN-027","trailing",106,106,1,536,8699,709,0,"IM-009",FALSE,TRUE,"dce2be12381bed08941e90d99de44ae46c01f592"
1037,"SYN-027","rung",106,0,0,0,4571,634,0,"IM-009",FALSE,TRUE,"dce2be12381bed08941e90d99de44ae46c01f592"
1037,"SYN-028","trailing",42,20,0.476190476190476,79.2,1669.1,309,0,"ONC-007",TRUE,TRUE,"dce2be12381bed08941e90d99de44ae46c01f592"
1037,"SYN-028","rung",42,3,0.0714285714285714,3.6,1828,308,0,"ONC-007",TRUE,TRUE,"dce2be12381bed08941e90d99de44ae46c01f592"
1037,"SYN-029","trailing",142,2,0.0140845070422535,2.4,6186.00000000001,634,0,"IM-009",FALSE,TRUE,"dce2be12381bed08941e90d99de44ae46c01f592"
1037,"SYN-029","rung",142,0,0,0,3243.6,585,0,"IM-009",FALSE,TRUE,"dce2be12381bed08941e90d99de44ae46c01f592"
1037,"SYN-030","trailing",108,47,0.435185185185185,210,3168.7,693,0,"ONR-2024-001",TRUE,TRUE,"dce2be12381bed08941e90d99de44ae46c01f592"
1037,"SYN-030","rung",108,6,0.0555555555555556,9.2,3238,690,0,"ONR-2024-001",TRUE,TRUE,"dce2be12381bed08941e90d99de44ae46c01f592"
1037,"SYN-031","trailing",54,23,0.425925925925926,86.7,3067.9,420,0,"ONR-2024-001",TRUE,TRUE,"dce2be12381bed08941e90d99de44ae46c01f592"
1037,"SYN-031","rung",54,5,0.0925925925925926,8.7,3038.8,409,0,"ONR-2024-001",TRUE,TRUE,"dce2be12381bed08941e90d99de44ae46c01f592"
1037,"SYN-032","trailing",52,2,0.0384615384615385,8,4495.2,393,0,"II-003",FALSE,TRUE,"dce2be12381bed08941e90d99de44ae46c01f592"
1037,"SYN-032","rung",52,0,0,0,4956.6,376,0,"II-003",FALSE,TRUE,"dce2be12381bed08941e90d99de44ae46c01f592"
1037,"SYN-033","trailing",160,0,0,0,51335.6,907,0,"VAC-002",FALSE,TRUE,"dce2be12381bed08941e90d99de44ae46c01f592"
1037,"SYN-033","rung",160,0,0,0,51335.6,712,0,"VAC-002",FALSE,TRUE,"dce2be12381bed08941e90d99de44ae46c01f592"
1037,"SYN-034","trailing",45,45,1,376.7,2265.6,179,0,"VAC-004",TRUE,TRUE,"dce2be12381bed08941e90d99de44ae46c01f592"
1037,"SYN-034","rung",45,16,0.355555555555556,35.7,1285.6,146,0,"VAC-004",TRUE,TRUE,"dce2be12381bed08941e90d99de44ae46c01f592"
1037,"SYN-035","trailing",135,57,0.422222222222222,234.7,6753.4,653,0,"ONC-011",TRUE,TRUE,"dce2be12381bed08941e90d99de44ae46c01f592"
1037,"SYN-035","rung",135,8,0.0592592592592593,19.2,3183.6,611,0,"ONC-011",TRUE,TRUE,"dce2be12381bed08941e90d99de44ae46c01f592"
1037,"SYN-036","trailing",33,24,0.727272727272727,102.8,1295.1,134,0,"NEU-2024-003",TRUE,TRUE,"dce2be12381bed08941e90d99de44ae46c01f592"
1037,"SYN-036","rung",33,5,0.151515151515152,3.6,378.9,129,0,"NEU-2024-003",TRUE,TRUE,"dce2be12381bed08941e90d99de44ae46c01f592"
1037,"SYN-037","trailing",66,4,0.0606060606060606,10.4,2672.7,392,0,"II-003",FALSE,TRUE,"dce2be12381bed08941e90d99de44ae46c01f592"
1037,"SYN-037","rung",66,0,0,0,2987.4,371,0,"II-003",FALSE,TRUE,"dce2be12381bed08941e90d99de44ae46c01f592"
1037,"SYN-038","trailing",45,20,0.444444444444444,94.7,5838.5,480,0,"ONC-001",TRUE,TRUE,"dce2be12381bed08941e90d99de44ae46c01f592"
1037,"SYN-038","rung",45,5,0.111111111111111,12.3,4839.3,485,0,"ONC-001",TRUE,TRUE,"dce2be12381bed08941e90d99de44ae46c01f592"
1037,"SYN-039","trailing",120,120,1,911.4,10814.4,702,0,"IM-009",FALSE,TRUE,"dce2be12381bed08941e90d99de44ae46c01f592"
1037,"SYN-039","rung",120,0,0,0,6044,615,0,"IM-009",FALSE,TRUE,"dce2be12381bed08941e90d99de44ae46c01f592"
1037,"SYN-040","trailing",88,0,0,0,2821.4,554,0,"II-010",FALSE,TRUE,"dce2be12381bed08941e90d99de44ae46c01f592"
1037,"SYN-040","rung",88,1,0.0113636363636364,0.4,3575,539,0,"II-010",FALSE,TRUE,"dce2be12381bed08941e90d99de44ae46c01f592"
1037,"SYN-041","trailing",30,13,0.433333333333333,132.8,2081.4,113,0,"VAC-004",TRUE,TRUE,"dce2be12381bed08941e90d99de44ae46c01f592"
1037,"SYN-041","rung",30,0,0,0,799.6,90,0,"VAC-004",TRUE,TRUE,"dce2be12381bed08941e90d99de44ae46c01f592"
1037,"SYN-042","trailing",42,42,1,336.8,2531,202,0,"NEU-2024-003",TRUE,TRUE,"dce2be12381bed08941e90d99de44ae46c01f592"
1037,"SYN-042","rung",42,12,0.285714285714286,26.4,1353.2,165,0,"NEU-2024-003",TRUE,TRUE,"dce2be12381bed08941e90d99de44ae46c01f592"
1037,"SYN-043","trailing",75,27,0.36,96.8,5026,478,0,"ONR-2024-001",TRUE,TRUE,"dce2be12381bed08941e90d99de44ae46c01f592"
1037,"SYN-043","rung",75,7,0.0933333333333333,3.8,3252.9,427,0,"ONR-2024-001",TRUE,TRUE,"dce2be12381bed08941e90d99de44ae46c01f592"
1037,"SYN-044","trailing",50,2,0.04,1.2,3489.2,413,0,"II-003",FALSE,TRUE,"dce2be12381bed08941e90d99de44ae46c01f592"
1037,"SYN-044","rung",50,0,0,0,3876,390,0,"II-003",FALSE,TRUE,"dce2be12381bed08941e90d99de44ae46c01f592"
1037,"SYN-045","trailing",81,32,0.395061728395062,112.5,4906.7,704,0,"ONC-003",TRUE,TRUE,"dce2be12381bed08941e90d99de44ae46c01f592"
1037,"SYN-045","rung",81,7,0.0864197530864197,16.5,4933.8,675,0,"ONC-003",TRUE,TRUE,"dce2be12381bed08941e90d99de44ae46c01f592"
1037,"SYN-046","trailing",310,0,0,0,619740,3358,0,"VAC-001",FALSE,TRUE,"dce2be12381bed08941e90d99de44ae46c01f592"
1037,"SYN-046","rung",310,0,0,0,287246,3038,0,"VAC-001",FALSE,TRUE,"dce2be12381bed08941e90d99de44ae46c01f592"
1037,"SYN-047","trailing",68,0,0,0,12749.2,732,0,"I&I-001",FALSE,TRUE,"dce2be12381bed08941e90d99de44ae46c01f592"
1037,"SYN-047","rung",68,0,0,0,12434.1,741,0,"I&I-001",FALSE,TRUE,"dce2be12381bed08941e90d99de44ae46c01f592"
1037,"SYN-048","trailing",66,25,0.378787878787879,117.7,4386.9,409,0,"ONC-003",TRUE,TRUE,"dce2be12381bed08941e90d99de44ae46c01f592"
1037,"SYN-048","rung",66,6,0.0909090909090909,10.5,2579.5,372,0,"ONC-003",TRUE,TRUE,"dce2be12381bed08941e90d99de44ae46c01f592"
1037,"SYN-049","trailing",388,0,0,0,535043.800000001,3592,0,"VAC-001",FALSE,TRUE,"dce2be12381bed08941e90d99de44ae46c01f592"
1037,"SYN-049","rung",388,0,0,0,229801.799999999,3492,0,"VAC-001",FALSE,TRUE,"dce2be12381bed08941e90d99de44ae46c01f592"
1037,"SYN-050","trailing",81,81,1,543.2,8830,581,0,"ONC-011",TRUE,TRUE,"dce2be12381bed08941e90d99de44ae46c01f592"
1037,"SYN-050","rung",81,22,0.271604938271605,57.4,4843.2,525,0,"ONC-011",TRUE,TRUE,"dce2be12381bed08941e90d99de44ae46c01f592"
1037,"SYN-051","trailing",100,98,0.98,380.4,8756.9,1107,0,"IM-002",FALSE,TRUE,"dce2be12381bed08941e90d99de44ae46c01f592"
1037,"SYN-051","rung",100,1,0.01,0.4,9296.9,1096,0,"IM-002",FALSE,TRUE,"dce2be12381bed08941e90d99de44ae46c01f592"
1037,"SYN-052","trailing",148,4,0.027027027027027,6,7086,486,0,"IM-009",FALSE,TRUE,"dce2be12381bed08941e90d99de44ae46c01f592"
1037,"SYN-052","rung",148,0,0,0,5597,444,0,"IM-009",FALSE,TRUE,"dce2be12381bed08941e90d99de44ae46c01f592"
1037,"SYN-053","trailing",124,0,0,0,8186.2,1055,0,"IM-002",FALSE,TRUE,"dce2be12381bed08941e90d99de44ae46c01f592"
1037,"SYN-053","rung",124,1,0.00806451612903226,1.8,8215.2,1032,0,"IM-002",FALSE,TRUE,"dce2be12381bed08941e90d99de44ae46c01f592"
1037,"SYN-054","trailing",156,154,0.987179487179487,562.4,9760.4,1034,0,"IM-009",FALSE,TRUE,"dce2be12381bed08941e90d99de44ae46c01f592"
1037,"SYN-054","rung",156,2,0.0128205128205128,0.4,5461.4,979,0,"IM-009",FALSE,TRUE,"dce2be12381bed08941e90d99de44ae46c01f592"
1037,"SYN-055","trailing",105,52,0.495238095238095,196.9,3882,853,0,"ONR-2024-001",TRUE,TRUE,"dce2be12381bed08941e90d99de44ae46c01f592"
1037,"SYN-055","rung",105,13,0.123809523809524,23.4,3503.4,858,0,"ONR-2024-001",TRUE,TRUE,"dce2be12381bed08941e90d99de44ae46c01f592"
1037,"SYN-056","trailing",130,2,0.0153846153846154,1.1,13758.9,1312,0,"I&I-001",FALSE,TRUE,"dce2be12381bed08941e90d99de44ae46c01f592"
1037,"SYN-056","rung",130,1,0.00769230769230769,1.4,10545.7,1305,0,"I&I-001",FALSE,TRUE,"dce2be12381bed08941e90d99de44ae46c01f592"
1037,"SYN-057","trailing",78,38,0.487179487179487,121.1,3258.1,647,0,"ONR-2024-001",TRUE,TRUE,"dce2be12381bed08941e90d99de44ae46c01f592"
1037,"SYN-057","rung",78,7,0.0897435897435897,11.4,3214.6,623,0,"ONR-2024-001",TRUE,TRUE,"dce2be12381bed08941e90d99de44ae46c01f592"
1037,"SYN-058","trailing",76,69,0.907894736842105,428.9,8823.7,535,0,"VAC-008",FALSE,TRUE,"dce2be12381bed08941e90d99de44ae46c01f592"
1037,"SYN-058","rung",76,0,0,0,4724.8,418,0,"VAC-008",FALSE,TRUE,"dce2be12381bed08941e90d99de44ae46c01f592"
1037,"SYN-059","trailing",70,0,0,0,4843.2,577,0,"CVD-2024-002",FALSE,TRUE,"dce2be12381bed08941e90d99de44ae46c01f592"
1037,"SYN-059","rung",70,0,0,0,4304.2,560,0,"CVD-2024-002",FALSE,TRUE,"dce2be12381bed08941e90d99de44ae46c01f592"
1037,"SYN-060","trailing",360,0,0,0,720415,4805,0,"VAC-001",FALSE,TRUE,"dce2be12381bed08941e90d99de44ae46c01f592"
1037,"SYN-060","rung",360,0,0,0,558537,4847,0,"VAC-001",FALSE,TRUE,"dce2be12381bed08941e90d99de44ae46c01f592"
1037,"SYN-061","trailing",108,1,0.00925925925925926,0.4,4037,862,0,"CVD-2024-002",FALSE,TRUE,"dce2be12381bed08941e90d99de44ae46c01f592"
1037,"SYN-061","rung",108,0,0,0,4257,849,0,"CVD-2024-002",FALSE,TRUE,"dce2be12381bed08941e90d99de44ae46c01f592"
1037,"SYN-062","trailing",24,14,0.583333333333333,84.8,976.8,82,0,"VAC-012",TRUE,TRUE,"dce2be12381bed08941e90d99de44ae46c01f592"
1037,"SYN-062","rung",24,0,0,0,744.1,65,0,"VAC-012",TRUE,TRUE,"dce2be12381bed08941e90d99de44ae46c01f592"
1037,"SYN-063","trailing",88,0,0,0,2767.2,483,0,"CVD-2024-002",FALSE,TRUE,"dce2be12381bed08941e90d99de44ae46c01f592"
1037,"SYN-063","rung",88,0,0,0,3024.7,497,0,"CVD-2024-002",FALSE,TRUE,"dce2be12381bed08941e90d99de44ae46c01f592"
1037,"SYN-064","trailing",210,0,0,0,66977.6,1680,0,"VAC-002",FALSE,TRUE,"dce2be12381bed08941e90d99de44ae46c01f592"
1037,"SYN-064","rung",210,0,0,0,94652.4,1617,0,"VAC-002",FALSE,TRUE,"dce2be12381bed08941e90d99de44ae46c01f592"
1037,"SYN-065","trailing",90,42,0.466666666666667,143.6,3920.2,719,0,"ONC-011",TRUE,TRUE,"dce2be12381bed08941e90d99de44ae46c01f592"
1037,"SYN-065","rung",90,6,0.0666666666666667,9.4,3385.6,701,0,"ONC-011",TRUE,TRUE,"dce2be12381bed08941e90d99de44ae46c01f592"
1037,"SYN-066","trailing",278,0,0,0,614720.4,3430,0,"VAC-001",FALSE,TRUE,"dce2be12381bed08941e90d99de44ae46c01f592"
1037,"SYN-066","rung",278,0,0,0,444013.4,3336,0,"VAC-001",FALSE,TRUE,"dce2be12381bed08941e90d99de44ae46c01f592"
1037,"SYN-067","trailing",80,0,0,0,4218.4,582,0,"II-010",FALSE,TRUE,"dce2be12381bed08941e90d99de44ae46c01f592"
1037,"SYN-067","rung",80,0,0,0,4277.9,542,0,"II-010",FALSE,TRUE,"dce2be12381bed08941e90d99de44ae46c01f592"
1037,"SYN-068","trailing",54,20,0.37037037037037,144.3,4624.9,265,0,"ONC-003",TRUE,TRUE,"dce2be12381bed08941e90d99de44ae46c01f592"
1037,"SYN-068","rung",54,1,0.0185185185185185,0.2,1377.8,241,0,"ONC-003",TRUE,TRUE,"dce2be12381bed08941e90d99de44ae46c01f592"
1037,"SYN-069","trailing",45,23,0.511111111111111,63.7,410.9,229,0,"ONC-007",TRUE,TRUE,"dce2be12381bed08941e90d99de44ae46c01f592"
1037,"SYN-069","rung",45,5,0.111111111111111,4.2,628.8,206,0,"ONC-007",TRUE,TRUE,"dce2be12381bed08941e90d99de44ae46c01f592"
1037,"SYN-070","trailing",112,6,0.0535714285714286,6,1361.6,603,0,"II-010",FALSE,TRUE,"dce2be12381bed08941e90d99de44ae46c01f592"
1037,"SYN-070","rung",112,1,0.00892857142857143,0.5,1711.7,601,0,"II-010",FALSE,TRUE,"dce2be12381bed08941e90d99de44ae46c01f592"
1037,"SYN-071","trailing",46,0,0,0,1696.5,314,0,"II-003",FALSE,TRUE,"dce2be12381bed08941e90d99de44ae46c01f592"
1037,"SYN-071","rung",46,0,0,0,2868.4,281,0,"II-003",FALSE,TRUE,"dce2be12381bed08941e90d99de44ae46c01f592"
1037,"SYN-072","trailing",68,2,0.0294117647058824,3.8,3054,420,0,"CVD-2024-002",FALSE,TRUE,"dce2be12381bed08941e90d99de44ae46c01f592"
1037,"SYN-072","rung",68,0,0,0,2776.2,416,0,"CVD-2024-002",FALSE,TRUE,"dce2be12381bed08941e90d99de44ae46c01f592"
1037,"SYN-073","trailing",51,29,0.568627450980392,93.9,2822.8,265,0,"VAC-004",TRUE,TRUE,"dce2be12381bed08941e90d99de44ae46c01f592"
1037,"SYN-073","rung",51,5,0.0980392156862745,12.7,1134.6,251,0,"VAC-004",TRUE,TRUE,"dce2be12381bed08941e90d99de44ae46c01f592"
1037,"SYN-074","trailing",18,13,0.722222222222222,94.5,914.3,59,0,"VAC-012",TRUE,TRUE,"dce2be12381bed08941e90d99de44ae46c01f592"
1037,"SYN-074","rung",18,1,0.0555555555555556,1.7,402.8,38,0,"VAC-012",TRUE,TRUE,"dce2be12381bed08941e90d99de44ae46c01f592"
1037,"SYN-075","trailing",80,0,0,0,5906.8,461,0,"VAC-008",FALSE,TRUE,"dce2be12381bed08941e90d99de44ae46c01f592"
1037,"SYN-075","rung",80,1,0.0125,0.1,3785.9,395,0,"VAC-008",FALSE,TRUE,"dce2be12381bed08941e90d99de44ae46c01f592"
1037,"SYN-076","trailing",62,1,0.0161290322580645,1.8,3800.4,508,0,"IM-002",FALSE,TRUE,"dce2be12381bed08941e90d99de44ae46c01f592"
1037,"SYN-076","rung",62,0,0,0,3077,505,0,"IM-002",FALSE,TRUE,"dce2be12381bed08941e90d99de44ae46c01f592"
1037,"SYN-077","trailing",92,2,0.0217391304347826,4.4,5363.6,605,0,"CVD-2024-002",FALSE,TRUE,"dce2be12381bed08941e90d99de44ae46c01f592"
1037,"SYN-077","rung",92,2,0.0217391304347826,0.3,5071.6,611,0,"CVD-2024-002",FALSE,TRUE,"dce2be12381bed08941e90d99de44ae46c01f592"
1037,"SYN-078","trailing",36,21,0.583333333333333,94,1101.3,135,0,"ONC-007",TRUE,TRUE,"dce2be12381bed08941e90d99de44ae46c01f592"
1037,"SYN-078","rung",36,1,0.0277777777777778,6.8,1137.8,115,0,"ONC-007",TRUE,TRUE,"dce2be12381bed08941e90d99de44ae46c01f592"
1037,"SYN-079","trailing",48,0,0,0,1730.7,300,0,"II-010",FALSE,TRUE,"dce2be12381bed08941e90d99de44ae46c01f592"
1037,"SYN-079","rung",48,0,0,0,2150,279,0,"II-010",FALSE,TRUE,"dce2be12381bed08941e90d99de44ae46c01f592"
1037,"SYN-080","trailing",96,33,0.34375,173.5,3457.1,571,0,"ONC-003",TRUE,TRUE,"dce2be12381bed08941e90d99de44ae46c01f592"
1037,"SYN-080","rung",96,4,0.0416666666666667,6.3,3684,564,0,"ONC-003",TRUE,TRUE,"dce2be12381bed08941e90d99de44ae46c01f592"
1037,"SYN-081","trailing",72,0,0,0,2997.6,530,0,"IM-002",FALSE,TRUE,"dce2be12381bed08941e90d99de44ae46c01f592"
1037,"SYN-081","rung",72,0,0,0,2902.1,524,0,"IM-002",FALSE,TRUE,"dce2be12381bed08941e90d99de44ae46c01f592"
1037,"SYN-082","trailing",196,0,0,0,529581,2700,0,"VAC-001",FALSE,TRUE,"dce2be12381bed08941e90d99de44ae46c01f592"
1037,"SYN-082","rung",196,0,0,0,273804.4,2578,0,"VAC-001",FALSE,TRUE,"dce2be12381bed08941e90d99de44ae46c01f592"
1037,"SYN-083","trailing",24,8,0.333333333333333,89.7,320.7,89,0,"VAC-012",TRUE,TRUE,"dce2be12381bed08941e90d99de44ae46c01f592"
1037,"SYN-083","rung",24,0,0,0,430.6,76,0,"VAC-012",TRUE,TRUE,"dce2be12381bed08941e90d99de44ae46c01f592"
1037,"SYN-084","trailing",12,4,0.333333333333333,39.1,402.1,68,0,"IM-001",TRUE,TRUE,"dce2be12381bed08941e90d99de44ae46c01f592"
1037,"SYN-084","rung",12,0,0,0,368.5,59,0,"IM-001",TRUE,TRUE,"dce2be12381bed08941e90d99de44ae46c01f592"
1037,"SYN-085","trailing",96,38,0.395833333333333,165.2,5687.5,738,0,"ONR-2024-001",TRUE,TRUE,"dce2be12381bed08941e90d99de44ae46c01f592"
1037,"SYN-085","rung",96,10,0.104166666666667,9.4,5107.5,741,0,"ONR-2024-001",TRUE,TRUE,"dce2be12381bed08941e90d99de44ae46c01f592"
1037,"SYN-086","trailing",39,39,1,504.7,4598.2,214,0,"VAC-004",TRUE,TRUE,"dce2be12381bed08941e90d99de44ae46c01f592"
1037,"SYN-086","rung",39,9,0.230769230769231,17.8,2086.3,173,0,"VAC-004",TRUE,TRUE,"dce2be12381bed08941e90d99de44ae46c01f592"
1037,"SYN-087","trailing",92,2,0.0217391304347826,4.4,6689.2,727,0,"II-010",FALSE,TRUE,"dce2be12381bed08941e90d99de44ae46c01f592"
1037,"SYN-087","rung",92,1,0.0108695652173913,0.2,6806.5,709,0,"II-010",FALSE,TRUE,"dce2be12381bed08941e90d99de44ae46c01f592"
1037,"SYN-088","trailing",54,21,0.388888888888889,109.3,3392.5,361,0,"ONC-011",TRUE,TRUE,"dce2be12381bed08941e90d99de44ae46c01f592"
1037,"SYN-088","rung",54,3,0.0555555555555556,4.3,2667.2,358,0,"ONC-011",TRUE,TRUE,"dce2be12381bed08941e90d99de44ae46c01f592"
1037,"SYN-089","trailing",88,0,0,0,5691.2,441,0,"VAC-008",FALSE,TRUE,"dce2be12381bed08941e90d99de44ae46c01f592"
1037,"SYN-089","rung",88,1,0.0113636363636364,0.5,2902.7,423,0,"VAC-008",FALSE,TRUE,"dce2be12381bed08941e90d99de44ae46c01f592"
1037,"SYN-090","trailing",30,19,0.633333333333333,150.8,2235,106,0,"VAC-004",TRUE,TRUE,"dce2be12381bed08941e90d99de44ae46c01f592"
1037,"SYN-090","rung",30,1,0.0333333333333333,0.2,640.7,83,0,"VAC-004",TRUE,TRUE,"dce2be12381bed08941e90d99de44ae46c01f592"
1037,"SYN-091","trailing",98,82,0.836734693877551,319.9,6917.3,658,0,"IM-002",FALSE,TRUE,"dce2be12381bed08941e90d99de44ae46c01f592"
1037,"SYN-091","rung",98,1,0.0102040816326531,0.3,3586.7,585,0,"IM-002",FALSE,TRUE,"dce2be12381bed08941e90d99de44ae46c01f592"
1037,"SYN-092","trailing",120,1,0.00833333333333333,4.4,15952.4,989,0,"I&I-001",FALSE,TRUE,"dce2be12381bed08941e90d99de44ae46c01f592"
1037,"SYN-092","rung",120,3,0.025,1.3,9874.30000000001,975,0,"I&I-001",FALSE,TRUE,"dce2be12381bed08941e90d99de44ae46c01f592"
1037,"SYN-093","trailing",48,0,0,0,1764.7,278,0,"II-010",FALSE,TRUE,"dce2be12381bed08941e90d99de44ae46c01f592"
1037,"SYN-093","rung",48,0,0,0,1679.3,260,0,"II-010",FALSE,TRUE,"dce2be12381bed08941e90d99de44ae46c01f592"
1037,"SYN-094","trailing",64,0,0,0,5349.6,482,0,"II-010",FALSE,TRUE,"dce2be12381bed08941e90d99de44ae46c01f592"
1037,"SYN-094","rung",64,0,0,0,6207,473,0,"II-010",FALSE,TRUE,"dce2be12381bed08941e90d99de44ae46c01f592"
1037,"SYN-095","trailing",75,27,0.36,144.4,5962.8,572,0,"ONC-003",TRUE,TRUE,"dce2be12381bed08941e90d99de44ae46c01f592"
1037,"SYN-095","rung",75,6,0.08,15.9,4154.2,554,0,"ONC-003",TRUE,TRUE,"dce2be12381bed08941e90d99de44ae46c01f592"
1037,"SYN-096","trailing",44,0,0,0,5018.4,284,0,"II-010",FALSE,TRUE,"dce2be12381bed08941e90d99de44ae46c01f592"
1037,"SYN-096","rung",44,0,0,0,2461.6,275,0,"II-010",FALSE,TRUE,"dce2be12381bed08941e90d99de44ae46c01f592"
1037,"SYN-097","trailing",48,17,0.354166666666667,79.8,7674.3,537,0,"ONC-001",TRUE,TRUE,"dce2be12381bed08941e90d99de44ae46c01f592"
1037,"SYN-097","rung",48,4,0.0833333333333333,4.5,5865.3,541,0,"ONC-001",TRUE,TRUE,"dce2be12381bed08941e90d99de44ae46c01f592"
1037,"SYN-098","trailing",36,24,0.666666666666667,125.2,1137.6,121,0,"VAC-012",TRUE,TRUE,"dce2be12381bed08941e90d99de44ae46c01f592"
1037,"SYN-098","rung",36,0,0,0,1324.7,102,0,"VAC-012",TRUE,TRUE,"dce2be12381bed08941e90d99de44ae46c01f592"
